hidden_ring_states,cycle_affinity,coherence_bound,minimum_extra_decay_at_omega_4
4,2.0,0.2449186624037092,16.331952660294384
5,2.0,0.27166382230476627,14.724080542136365
6,2.0,0.2860315855683621,13.984469554478599
7,2.0,0.29464425288501994,13.575693266825516
8,2.0,0.3002147033987931,13.323797784436167
9,2.0,0.30402516499139265,13.156805622038705
10,2.0,0.30674654624049824,13.040081621208811
11,2.0,0.3087578265496293,12.95513718534693
12,2.0,0.3102863109205729,12.89131959490124
13,2.0,0.3114750841349237,12.84211869180295
14,2.0,0.3124178768241731,12.803364649492115
15,2.0,0.3131781770426097,12.772282020965264
16,2.0,0.3138002305727715,12.746963227843723
17,2.0,0.314315639704613,12.726060986844667
18,2.0,0.31474746454591807,12.708601182127857
19,2.0,0.31511285176483106,12.69386499978491
20,2.0,0.31542476556101845,12.681312429242992
21,2.0,0.3156931549850872,12.67053129545667
22,2.0,0.31592575804847417,12.661202507540581
23,2.0,0.31612866628668784,12.653075872507294
24,2.0,0.31630672800447296,12.645952949642712
25,2.0,0.31646384081766366,12.639674692896975
26,2.0,0.3166031669145768,12.634112409492248
27,2.0,0.3167272935202938,12.629161053793764
28,2.0,0.3168383539465465,12.624734190718703
29,2.0,0.3169381199165157,12.620760169378284
30,2.0,0.3170280726994109,12.617179185240754
31,2.0,0.31710945843674215,12.613941002324063
32,2.0,0.31718333155173667,12.611003171040053
33,2.0,0.31725058908783293,12.60832962202183
34,2.0,0.31731199807973404,12.605889547847735
35,2.0,0.31736821752720185,12.603656507152161
36,2.0,0.31741981615459114,12.601607701933464
37,2.0,0.31746728685519104,12.599723390790034
38,2.0,0.31751105850926475,12.597986409608101
39,2.0,0.31755150570770974,12.596381777769933
40,2.0,0.3175889567950532,12.594896372865016
41,2.0,0.3176237005557722,12.593518660606474
42,2.0,0.31765599179932036,12.592238469491884
43,2.0,0.3176860560463985,12.591046801927606
44,2.0,0.3177140934780492,12.589935675221657
45,2.0,0.31774028227718953,12.588897987163268
46,2.0,0.3177647814671101,12.587927401935874
47,2.0,0.31778773333166405,12.587018252920853
48,2.0,0.317809265486146,12.58616545959189
49,2.0,0.3178294926553164,12.585364456211648
50,2.0,0.3178485182049637,12.584611130452437
51,2.0,0.3178664354652916,12.583901770392385
52,2.0,0.3178833288778522,12.583233018605434
53,2.0,0.31789927499241233,12.582601832279966
54,2.0,0.31791434333578034,12.582005448477705
55,2.0,0.31792859717105076,12.581441353789055
56,2.0,0.3179420941627816,12.58090725776015
57,2.0,0.3179548869611937,12.580401069564939
58,2.0,0.3179670237164652,12.579920877477049
59,2.0,0.31797854853251944,12.57946493076379
60,2.0,0.3179895018683101,12.579031623680871
4,3.0,0.358357398350786,11.162041075218747
5,3.0,0.40095741298359544,9.976121828588449
6,3.0,0.42421156700503365,9.429257264813188
7,3.0,0.43828093549408575,9.126566263920866
8,3.0,0.44743392477623445,8.939867494402518
9,3.0,0.4537195555498314,8.816018509831864
10,3.0,0.4582210169142698,8.729411904623253
11,3.0,0.4615545611040423,8.666364363146942
12,3.0,0.4640917206852997,8.618985906694073
13,3.0,0.4660672743974216,8.58245197578311
14,3.0,0.467635475163061,8.553670994710634
15,3.0,0.4689010484639039,8.530584465749858
16,3.0,0.4699371145224588,8.511777164195095
17,3.0,0.47079597764640857,8.496249309513432
18,3.0,0.4715158514003205,8.483277896428492
19,3.0,0.4721251792980285,8.472329321531493
20,3.0,0.47264548546630264,8.463002658437919
21,3.0,0.4730933002191662,8.454991854982836
22,3.0,0.4734814883443416,8.448059952643769
23,3.0,0.4738201828026171,8.442021140467777
24,3.0,0.47411745231856783,8.436728031079374
25,3.0,0.4743797861295478,8.43206248865681
26,3.0,0.4746124509574767,8.427928917436647
27,3.0,0.474819757292145,8.424249283163038
28,3.0,0.4750052603898522,8.420959373622663
29,3.0,0.47517191365767,8.418005957485391
30,3.0,0.47532218688997696,8.415344602724977
31,3.0,0.4754581582687293,8.412937985048092
32,3.0,0.47558158657550387,8.41075456432743
33,3.0,0.47569396833390903,8.408767540210299
34,3.0,0.4757965833719408,8.406954021511144
35,3.0,0.47589053141047305,8.405294360752585
36,3.0,0.4759767616423438,8.403771617332993
37,3.0,0.4760560967956369,8.40237112164774
38,3.0,0.476129252826043,8.401080119018493
39,3.0,0.47619685512262755,8.399887477144178
40,3.0,0.47625945191503416,8.398783444435681
41,3.0,0.4763175254210977,8.39775944935833
42,3.0,0.4763715011598249,8.39680793301273
43,3.0,0.47642175576685425,8.395922208803315
44,3.0,0.47646862358139674,8.395096344296146
45,3.0,0.4765124022204938,8.394325061342482
46,3.0,0.4765533573146843,8.393603651308798
47,3.0,0.47659172654622123,8.392927902855797
48,3.0,0.4766277231048021,8.392294040186307
49,3.0,0.4766615386548872,8.39169867006216
50,3.0,0.4766933458919363,8.39113873619452
51,3.0,0.47672330075137676,8.390611479857371
52,3.0,0.47675154432319283,8.390114405771856
53,3.0,0.4767782045161306,8.389645252470155
54,3.0,0.4768033975082518,8.389201966478803
55,3.0,0.47682722901461827,8.388782679768841
56,3.0,0.4768497953979856,8.388385690008619
57,3.0,0.4768711846443405,8.388009443227892
58,3.0,0.47689147722175296,8.387652518562442
59,3.0,0.47691074683822765,8.387313614798526
60,3.0,0.4769290611119032,8.386991538478442
4,4.0,0.46211715726000985,8.65581365495461
5,4.0,0.522954882349876,7.64884339931232
6,4.0,0.5568763966853478,7.182922500951539
7,4.0,0.5776581228772879,6.924510954812145
8,4.0,0.5912859564533121,6.764916291929284
9,4.0,0.6006949555309375,6.658953871960705
10,4.0,0.607458773700881,6.584808999679773
11,4.0,0.6124815806823574,6.530808641696057
12,4.0,0.6163124114176208,6.490214907078273
13,4.0,0.6193000780565077,6.458904401486322
14,4.0,0.6216747013077193,6.434233195569691
15,4.0,0.6235930208386147,6.414439973399247
16,4.0,0.6251647567707411,6.3983133352907
17,4.0,0.6264685588331287,6.384997209517538
18,4.0,0.6275619878485544,6.373872346400455
19,4.0,0.6284879497169161,6.364481613055083
20,4.0,0.6292789520279389,6.35648147313595
21,4.0,0.6299599859616771,6.349609640513478
22,4.0,0.6305505181485168,6.343663013306508
23,4.0,0.6310658931591763,6.3384823096295335
24,4.0,0.631518337723959,6.3339411717105625
25,4.0,0.6319176908258641,6.329938310118096
26,4.0,0.6322719419328895,6.326391754427349
27,4.0,0.6325876328784862,6.323234587749774
28,4.0,0.6328701614705351,6.320411742442736
29,4.0,0.6331240133533461,6.317877565271881
30,4.0,0.6333529408590968,6.3155939476246745
31,4.0,0.6335601022566101,6.31352887556023
32,4.0,0.633748171108501,6.311655295199548
33,4.0,0.6339194228493515,6.3099502173647455
34,4.0,0.6340758038491748,6.30839400544523
35,4.0,0.6342189868966067,6.306969804819322
36,4.0,0.6343504160694083,6.305663082535654
37,4.0,0.6344713432499092,6.304461253539165
38,4.0,0.6345828580168641,6.30335337531872
39,4.0,0.6346859122518016,6.302329897016941
40,4.0,0.6347813405014063,6.301382452169194
41,4.0,0.634869876912174,6.300503686605607
42,4.0,0.6349521693811583,6.299687114855453
43,4.0,0.635028791433729,6.298926999780664
44,4.0,0.6351002522361615,6.298218251238551
45,4.0,0.635167005070383,6.297556340409652
46,4.0,0.6352294545349696,6.296937227081617
47,4.0,0.6352879626865546,6.2963572976961375
48,4.0,0.6353428542961336,6.295813312375114
49,4.0,0.6353944213630891,6.295302359468221
50,4.0,0.6354429270043442,6.2948218164251495
51,4.0,0.6354886088155717,6.294369316005883
52,4.0,0.635531681784793,6.293942717012337
53,4.0,0.6355723408252124,6.293540078862608
54,4.0,0.6356107629831032,6.2931596394416855
55,4.0,0.635647109367527,6.292799795754638
56,4.0,0.6356815268412274,6.2924590869840875
57,4.0,0.6357141495058856,6.292136179616318
58,4.0,0.6357451000098278,6.2918298543522635
59,4.0,0.6357744907020313,6.291538994562589
60,4.0,0.6358024246527331,6.291262576082102
4,5.0,0.5545997223493824,7.212408947944102
5,5.0,0.6360497003922116,6.288816734814045
6,5.0,0.6826333838624569,5.8596606825281725
7,5.0,0.7116133068101439,5.621030356964906
8,5.0,0.730805934015865,5.473409305832435
9,5.0,0.7441463422490422,5.375286785541071
10,5.0,0.7537821352268794,5.306573097273057
11,5.0,0.7609627475311751,5.256499103244378
12,5.0,0.7664537970562261,5.218840346754216
13,5.0,0.7707450263835526,5.18978373271973
14,5.0,0.774161233312619,5.166882333908775
15,5.0,0.7769245589369161,5.148505030492655
16,5.0,0.7791910197106919,5.133529389860231
17,5.0,0.7810727520192111,5.121161875970315
18,5.0,0.782652005846749,5.110828273764419
19,5.0,0.7839902033933718,5.102104570550324
20,5.0,0.785133953289804,5.094672040662014
21,5.0,0.7861191345521035,5.08828728902398
22,5.0,0.7869737263580078,5.082761807705295
23,5.0,0.7877198048100554,5.077947736713981
24,5.0,0.7883749753213884,5.073727763072848
25,5.0,0.7889534156734094,5.070007836376257
26,5.0,0.7894666460503699,5.066711836417204
27,5.0,0.7899241047096954,5.063777616293957
28,5.0,0.7903335833591242,5.061154029414966
29,5.0,0.7907015599706837,5.058798670067509
30,5.0,0.7910334557255546,5.056676138092168
31,5.0,0.7913338352192523,5.054756693035542
32,5.0,0.7916065637996307,5.053015200885158
33,5.0,0.7918549322099112,5.051430302816688
34,5.0,0.7920817560731499,5.049983753988387
35,5.0,0.7922894558559751,5.048659893723403
36,5.0,0.7924801215675623,5.047445218042586
37,5.0,0.7926555654341096,5.046328032541272
38,5.0,0.7928173650356479,5.045298168790924
39,5.0,0.7929668988282409,5.044346751309241
40,5.0,0.793105375549333,5.043466005043097
41,5.0,0.7932338586806486,5.0426490955051095
42,5.0,0.7933532868954336,5.041889995380094
43,5.0,0.7934644912258546,5.041183372705491
44,5.0,0.7935682095381444,5.04052449672599
45,5.0,0.7936650987872887,5.039909158298575
46,5.0,0.793755745432054,5.039333602332208
47,5.0,0.793840674319257,5.038794470225557
48,5.0,0.7939203562890412,5.038288750646075
49,5.0,0.7939952147072863,5.037813737296436
50,5.0,0.7940656310946606,5.037366992556765
51,5.0,0.7941319499922836,5.036946316086221
52,5.0,0.7941944831800364,5.036549717625321
53,5.0,0.7942535133440928,5.0361753933685005
54,5.0,0.7943092972743367,5.035821705380957
55,5.0,0.7943620686592786,5.035487163619463
56,5.0,0.7944120405353431,5.035170410187208
57,5.0,0.7944594074385182,5.03487020551085
58,5.0,0.7945043472989879,5.034585416176106
59,5.0,0.7945470231132377,5.034315004198217
60,5.0,0.7945875844230096,5.034058017536989
4,6.0,0.6351489523872874,6.2977353343109455
5,6.0,0.739185314412968,5.411362918075075
6,6.0,0.8004103954236338,4.997436343743283
7,6.0,0.839177822034215,4.766570201180689
8,6.0,0.8651512912752052,4.62346879712117
9,6.0,0.8833489864352061,4.528221644473921
10,6.0,0.8965680315137762,4.461457312108656
11,6.0,0.9064602306357047,4.412769435229146
12,6.0,0.914048891812452,4.376133526149206
13,6.0,0.9199940073142904,4.347854407961933
14,6.0,0.9247360740766924,4.325558515702786
15,6.0,0.9285778743980352,4.307662405366982
16,6.0,0.9317329151002444,4.293075767930388
17,6.0,0.9343551544096057,4.281027381421676
18,6.0,0.9365578215036117,4.270958939383087
19,6.0,0.9384256625941443,4.262458028846493
20,6.0,0.9400231065516685,4.2552145496437745
21,6.0,0.9413998299142041,4.248991632348761
22,6.0,0.9425946247590418,4.243605782308096
23,6.0,0.9436381351576947,4.238913044068048
24,6.0,0.9445548246363199,4.234799183350858
25,6.0,0.9453644116940961,4.231172604468987
26,6.0,0.9460829313942095,4.227959164325414
27,6.0,0.9467235301987793,4.225098323224456
28,6.0,0.9472970679022862,4.222540252191091
29,6.0,0.9478125783113975,4.220243634164799
30,6.0,0.9482776252833274,4.218173974952616
31,6.0,0.9486985804051578,4.216302293075776
32,6.0,0.9490808414034878,4.214604094299127
33,6.0,0.9494290053014536,4.21305856221441
34,6.0,0.949747006721166,4.211647914331728
35,6.0,0.9500382291189574,4.21035688606921
36,6.0,0.9503055948381703,4.209172314387109
37,6.0,0.9505516384640061,4.208082799650516
38,6.0,0.9507785669251628,4.207078429350886
39,6.0,0.9509883090081503,4.20615055107446
40,6.0,0.9511825563620745,4.205291584928279
41,6.0,0.9513627976242017,4.204494867771824
42,6.0,0.9515303469536461,4.203754523233152
43,6.0,0.9516863679958447,4.203065352741781
44,6.0,0.9518318940948945,4.20242274378044
45,6.0,0.9519678454101245,4.20182259231322
46,6.0,0.9520950434669281,4.201261236939675
47,6.0,0.952214223571982,4.200735402791032
48,6.0,0.952326045443555,4.200242153554628
49,6.0,0.9524311023441506,4.199778850307477
50,6.0,0.9525299289517738,4.199343116076007
51,6.0,0.9526230081649943,4.1989328052290755
52,6.0,0.9527107770036656,4.198545976965064
53,6.0,0.9527936317400428,4.198180872278696
54,6.0,0.9528719323728719,4.197835893895072
55,6.0,0.9529460065388419,4.197509588741806
56,6.0,0.9530161529408085,4.197200632598761
57,6.0,0.9530826443598127,4.196907816621514
58,6.0,0.9531457303076366,4.196630035481524
59,6.0,0.9532056393680923,4.196366276905072
60,6.0,0.9532625812680859,4.196115612425451
4,7.0,0.7039056039366212,5.682580132378312
5,7.0,0.8318408817394156,4.808611944673632
6,7.0,0.909472068055338,4.398155963770198
7,7.0,0.9595961647735937,4.168420161353768
8,7.0,0.9936180102748747,4.025691924498671
9,7.0,1.0176710028977942,3.930543356949441
10,7.0,1.0352574751122945,3.86377311553932
11,7.0,1.0484816418877267,3.8150405693305665
12,7.0,1.0586637250283186,3.778348030100873
13,7.0,1.0666634174451106,3.7500114230793296
14,7.0,1.0730587722523681,3.727661618761043
15,7.0,1.07824945386018,3.709716694666365
16,7.0,1.0825186110966967,3.6950865869618728
17,7.0,1.0860712022512649,3.6829997809614987
18,7.0,1.0890584406395085,3.672897477982128
19,7.0,1.0915937997696121,3.664366727663922
20,7.0,1.0937637401735554,3.65709691506622
21,7.0,1.0956350513511195,3.650850705321324
22,7.0,1.097259973265988,3.645444195047071
23,7.0,1.0986798310072732,3.6407330753790093
24,7.0,1.0999276550595904,3.636602808921368
25,7.0,1.10103009758569,3.632961540988839
26,7.0,1.1020088524354301,3.629734907446555
27,7.0,1.102881720237116,3.626862179871848
28,7.0,1.1036634162722654,3.6242933679095786
29,7.0,1.104366189636629,3.6219870162053085
30,7.0,1.1050003023601669,3.619908511750098
31,7.0,1.1055744034982555,3.6180287706944108
32,7.0,1.106095823670993,3.6163232103385967
33,7.0,1.106570808788869,3.6147709375940984
34,7.0,1.107004706885833,3.613354103301501
35,7.0,1.107402118499704,3.6120573847367705
36,7.0,1.1077670184987574,3.6108675680025106
37,7.0,1.1081028553805967,3.6097732088472347
38,7.0,1.1084126326769002,3.6087643555087405
39,7.0,1.108698976053321,3.6078323209415744
40,7.0,1.1089641889044362,3.6069694946161115
41,7.0,1.1092102986423502,3.6061691862182625
42,7.0,1.1094390954163098,3.6054254952129896
43,7.0,1.1096521646444117,3.604733201490938
44,7.0,1.1098509144615103,3.6040876732896727
45,7.0,1.11003659897081,3.6034847893381805
46,7.0,1.1102103380161572,3.6029208727668927
47,7.0,1.110373134057201,3.6023926347932873
48,7.0,1.110525886622319,3.6018971265641175
49,7.0,1.1106694047284298,3.6014316978309506
50,7.0,1.1108044175879326,3.600993961372462
51,7.0,1.1109315838673726,3.6005817622676717
52,7.0,1.1110514997173655,3.600193151278351
53,7.0,1.1111647057565766,3.5998263617241655
54,7.0,1.1112716931625342,3.599479789336235
55,7.0,1.1113729089974225,3.599151974658469
56,7.0,1.1114687608766762,3.598841587634889
57,7.0,1.1115596210714154,3.598547414077943
58,7.0,1.1116458301218175,3.5982683437598717
59,7.0,1.111727700026913,3.5980033599083363
60,7.0,1.1118055170665972,3.5977515299201377
4,8.0,0.7615941559557651,5.252141141997324
5,8.0,0.9139682051247376,4.3765198587560095
6,8.0,1.0094096711272167,3.962712181599335
7,8.0,1.0723315453457753,3.7301896203288436
8,8.0,1.1156495084624158,3.58535540925643
9,8.0,1.1465818101862923,3.4886302612371765
10,8.0,1.1693626660997276,3.4206667580225836
11,8.0,1.1865857506657111,3.371016378509414
12,8.0,1.1999018717486165,3.333605934100929
13,8.0,1.2103977465061029,3.304698816191849
14,8.0,1.2188102685914415,3.2818889888602043
15,8.0,1.2256523336124565,3.2635682161274087
16,8.0,1.231289263860805,3.24862736759166
17,8.0,1.2359866575345984,3.236280889939971
18,8.0,1.2399411752453675,3.2259594889317666
19,8.0,1.243300840697008,3.2172422547044657
20,8.0,1.2461787270294595,3.2098124556618597
21,8.0,1.2486623709607838,3.203427998652829
22,8.0,1.2508203674429148,3.1979012367517696
23,8.0,1.2527070666589635,3.193084885094656
24,8.0,1.254365970649383,3.1888620176209077
25,8.0,1.2558322240552937,3.1851388452856595
26,8.0,1.2571344641562434,3.181839424539759
27,8.0,1.258296211375804,3.1789017274608606
28,8.0,1.259336925908975,3.1762746868657454
29,8.0,1.260272818841178,3.173915949149807
30,8.0,1.2611174807164447,3.171790147360092
31,8.0,1.261882372951248,3.169867561145921
32,8.0,1.2625772151976429,3.1681230675256904
33,8.0,1.2632102930502636,3.1665353124547715
34,8.0,1.2637887042517415,3.1650860516025126
35,8.0,1.264318557032681,3.163759621932533
36,8.0,1.2648051309178951,3.1625425152229716
37,8.0,1.2652530078912716,3.1614230316405907
38,8.0,1.2656661799949853,3.1603909966337635
39,8.0,1.2660481380745552,3.1594375282470084
40,8.0,1.2664019453486488,3.158554844843336
41,8.0,1.266730298695142,3.157736105404913
42,8.0,1.2670355799402302,3.1569752762496943
43,8.0,1.267319898969843,3.156267019283332
44,8.0,1.2675851301188308,3.1556065978977026
45,8.0,1.2678329430085882,3.1549897974002277
46,8.0,1.2680648287795204,3.154412857463996
47,8.0,1.268282122487208,3.153872414566298
48,8.0,1.2684860222897818,3.153365452761932
49,8.0,1.2686776059409575,3.1528892614394857
50,8.0,1.2688578450122907,3.1524413989506086
51,8.0,1.2690276171947923,3.1520196611970275
52,8.0,1.2691877169705137,3.151622054417447
53,8.0,1.2693388648961816,3.1512467715444585
54,8.0,1.2694817157012936,3.150892171605874
55,8.0,1.2696168653704798,3.150556761730463
56,8.0,1.2697448573530845,3.150239181388312
57,8.0,1.26986618802069,3.149938188554106
58,8.0,1.2699813114748395,3.1496526475297246
59,8.0,1.2700906437918598,3.149381518202502
60,8.0,1.2701945667788208,3.1491238465488736
4,9.0,0.8093010702017812,4.942536402432643
5,9.0,0.9858994382139449,4.057208925127697
6,9.0,1.1001102559089275,3.635999190549442
7,9.0,1.1770591437465234,3.3982999250727453
8,9.0,1.230838437095975,3.2498172623188064
9,9.0,1.2696564547144376,3.150458523758423
10,9.0,1.2984716228085653,3.0805447956945633
11,9.0,1.3203866748585034,3.029415606930941
12,9.0,1.3374080179133327,2.9908598919878835
13,9.0,1.350872533375773,2.961049174642829
14,9.0,1.3616953228255957,2.937514679641971
15,9.0,1.3705180878105827,2.918604311446953
16,9.0,1.3778006494572221,2.9031776125056847
17,9.0,1.3838789528033975,2.8904262124205204
18,9.0,1.389002757375243,2.879763901663291
19,9.0,1.393360692309838,2.8707570280090335
20,9.0,1.3970972618587736,2.863079120689267
21,9.0,1.4003246087062826,2.8564805439615024
22,9.0,1.4031307936749045,2.850767738853269
23,9.0,1.4055857170086923,2.845788735327099
24,9.0,1.4077454154267632,2.8414228568362163
25,9.0,1.4096552227817623,2.837573284130105
26,9.0,1.4113521239544227,2.83416160439999
27,9.0,1.412866528211632,2.83112376160761
28,9.0,1.4142236195497746,2.828407010535873
29,9.0,1.415444395190446,2.825967599710482
30,9.0,1.4165464716714309,2.8237689902825887
31,9.0,1.417544715973062,2.821780473608716
32,9.0,1.4184517436683686,2.8199760886156677
33,9.0,1.4192783151066846,2.8183337668336934
34,9.0,1.4200336527538222,2.816834651941479
35,9.0,1.420725697087871,2.815462554241815
36,9.0,1.4213613142547186,2.8142035103138947
37,9.0,1.4219464655846936,2.813045425275719
38,9.0,1.422486346757077,2.8119777803977013
39,9.0,1.4229855026582066,2.8109913927638788
40,9.0,1.4234479226592431,2.810078216649696
41,9.0,1.4238771200319598,2.8092311785375257
42,9.0,1.4242761984461172,2.8084440394103285
43,9.0,1.4246479078922147,2.8077112792858783
44,9.0,1.4249946919062775,2.807027999977337
45,9.0,1.4253187276072514,2.806389842863417
46,9.0,1.4256219597690745,2.8057929190764774
47,9.0,1.425906129920861,2.8052337500098994
48,9.0,1.426172801286529,2.8047092164369287
49,9.0,1.4264233802293615,2.804216514844857
50,9.0,1.4266591347497453,2.803753119838014
51,9.0,1.4268812104895046,2.8033167516641164
52,9.0,1.4270906446193317,2.8029053480810795
53,9.0,1.427288377923107,2.8025170399134955
54,9.0,1.4274752653415463,2.802150129755794
55,9.0,1.4276520851954742,2.8018030733673602
56,9.0,1.4278195472742117,2.8014744633775512
57,9.0,1.4279782999457982,2.8011630149784685
58,9.0,1.4281289364218348,2.8008675533330814
59,9.0,1.4282720002898264,2.8005870024675383
60,9.0,1.428407990409225,2.8003203754510215
4,10.0,0.8482836399575131,4.715403918670815
5,10.0,1.0482444269940183,3.815903902747699
6,10.0,1.18171208475541,3.3849192638390577
7,10.0,1.2736494749540024,3.1405815168607982
8,10.0,1.3389221713842314,2.987477603619514
9,10.0,1.386576016962824,2.8848039711242497
10,10.0,1.42225036714536,2.8124443434164945
11,10.0,1.449556519834658,2.7594646674806826
12,10.0,1.4708705197240861,2.719477986920522
13,10.0,1.4877966559130302,2.6885394479834224
14,10.0,1.5014444898418935,2.664101155295599
15,10.0,1.5125985055721705,2.6444558719743814
16,10.0,1.5218245769220353,2.6284238411303593
17,10.0,1.5295383793479684,2.615168114777984
18,10.0,1.5360503391397253,2.604081323428648
19,10.0,1.5415957864629313,2.594713890064322
20,10.0,1.5463555757236043,2.5867271815075474
21,10.0,1.550470439836897,2.5798621484333384
22,10.0,1.5540511478188392,2.573917856959939
23,10.0,1.5571858023560863,2.5687364949949036
24,10.0,1.5599451565334008,2.564192711036732
25,10.0,1.5623865378954893,2.5601859098120103
26,10.0,1.5645567796220554,2.556634602271364
27,10.0,1.5664944345913683,2.553472206266363
28,10.0,1.5682314652132503,2.550643886906117
29,10.0,1.5697945456875924,2.5481041522207244
30,10.0,1.5712060746857333,2.54581500443859
31,10.0,1.5724849695290772,2.5437445047235694
32,10.0,1.5736472939630373,2.541865648894227
33,10.0,1.5747067580972989,2.5401554793815433
34,10.0,1.57567511933769,2.5385943783140625
35,10.0,1.5765625060428947,2.5371655006814993
36,10.0,1.5773776804292956,2.5358543167108647
37,10.0,1.5781282533855172,2.534648240039366
38,10.0,1.578820860971669,2.533536323771553
39,10.0,1.5794613102031878,2.5325090106103487
40,10.0,1.5800547000677974,2.531557926335314
41,10.0,1.5806055224611915,2.5306757082383986
42,10.0,1.581117746754679,2.5298558619117357
43,10.0,1.581594890954349,2.529092641154375
44,10.0,1.5820400818236373,2.528380946827308
45,10.0,1.582456105880106,2.5277162413142205
46,10.0,1.5828454528135127,2.527094475894654
47,10.0,1.5832103525837486,2.5265120288483005
48,10.0,1.583552807227204,2.525965652515237
49,10.0,1.5838746182157872,2.5254524278607007
50,10.0,1.5841774100644863,2.5249697253523986
51,10.0,1.5844626507633361,2.5245151711673017
52,10.0,1.584731669512214,2.524086617913816
53,10.0,1.5849856721573863,2.523682119192562
54,10.0,1.585225754663622,2.5232999074310287
55,10.0,1.5854529149021852,2.5229383745191707
56,10.0,1.5856680629908395,2.522596054848529
57,10.0,1.5858720303854428,2.5222716104197946
58,10.0,1.586065577892305,2.5219638177354122
59,10.0,1.5862494027451515,2.521671556236762
60,10.0,1.5864241448693401,2.52139379808131
4,11.0,0.879826699651985,4.546349868198132
5,11.0,1.1017923809061914,3.6304480493050053
6,11.0,1.2545533010433791,3.188385855486016
7,11.0,1.3621447404200744,2.9365454942522717
8,11.0,1.4397731258786501,2.7782154897209383
9,11.0,1.4971245291883668,2.6717884331028308
10,11.0,1.5404428140036683,2.5966559508975546
11,11.0,1.5738265053521918,2.5415762070323487
12,11.0,1.6000229561890433,2.499964131469248
13,11.0,1.6209139400923227,2.467743598881117
14,11.0,1.6378156278923068,2.442277342992246
15,11.0,1.6516669408866427,2.4217957634078044
16,11.0,1.6631500688049214,2.405074608134582
17,11.0,1.6727691075600117,2.3912445429092175
18,11.0,1.68090236977137,2.3796741987722134
19,11.0,1.6878378324261967,2.369895924331881
20,11.0,1.6937975818325501,2.3615572739644177
21,11.0,1.698954950084735,2.354388502061518
22,11.0,1.7034467136762095,2.3481802911037923
23,11.0,1.7073819019840537,2.3427681852266455
24,11.0,1.7108482428843497,2.3380215145536978
25,11.0,1.7139169380572463,2.3338353867568795
26,11.0,1.716646241836036,2.3301248111094846
27,11.0,1.7190841723548502,2.326820329292362
28,11.0,1.7212705860839184,2.3238647266380377
29,11.0,1.7232387801998152,2.321210528662886
30,11.0,1.7250167411757988,2.318818075512436
31,11.0,1.7266281257493683,2.3166540266242754
32,11.0,1.7280930376151642,2.3146901890885205
33,11.0,1.7294286468723679,2.312902591982565
34,11.0,1.7306496874600277,2.3112707493511087
35,11.0,1.7317688592044544,2.309777069116217
36,11.0,1.732797154761424,2.308406375788821
37,11.0,1.7337441270241905,2.3071455226012074
38,11.0,1.734618109038637,2.3059830744052863
39,11.0,1.7354263958018525,2.304909046950276
40,11.0,1.7361753952933874,2.303914691363346
41,11.0,1.7368707545356143,2.3029923150899485
42,11.0,1.7375174652822085,2.3021351324087655
43,11.0,1.7381199530043308,2.3013371390657027
44,11.0,1.7386821521184161,2.3005930066782976
45,11.0,1.7392075698294402,2.2998979934248274
46,11.0,1.7396993405133454,2.2992478682090502
47,11.0,1.7401602722048604,2.2986388460252702
48,11.0,1.7405928864716502,2.298067532671805
49,11.0,1.7409994527269548,2.297530877298518
50,11.0,1.7413820178485313,2.2970261315446336
51,11.0,1.7417424318225259,2.2965508142409305
52,11.0,1.7420823700096209,2.296102680826688
53,11.0,1.7424033525318292,2.2956796967749926
54,11.0,1.7427067611971787,2.2952800144369325
55,11.0,1.7429938543128287,2.2949019528109527
56,11.0,1.7432657796820414,2.2945439798224974
57,11.0,1.7435235860348135,2.2942046967640684
58,11.0,1.7437682331039908,2.293882824599809
59,11.0,1.7440006005270596,2.293577191883505
60,11.0,1.744221495727289,2.293286724076358
4,12.0,0.9051482536448667,4.419165571930046
5,12.0,1.1474271290090319,3.4860601591794107
6,12.0,1.31911977286292,3.032325102154064
7,12.0,1.442731080876217,2.7725194618879847
8,12.0,1.533385214980452,2.6086073877078517
9,12.0,1.6011829827866404,2.4981529550348744
10,12.0,1.6528686109969515,2.4200350671474986
11,12.0,1.6929866798328004,2.36268840602753
12,12.0,1.7246447099436533,2.319318278679373
13,12.0,1.7500040959849763,2.285708935868879
14,12.0,1.7705949352447274,2.2591276640284352
15,12.0,1.787519327891024,2.2377380415345414
16,12.0,1.8015843010243804,2.2202680150607446
17,12.0,1.8133900318432872,2.2058133825374857
18,12.0,1.823389343138678,2.1937168904994415
19,12.0,1.8319284725275453,2.183491364420537
20,12.0,1.839275448110176,2.1747694202681447
21,12.0,1.8456401348423688,2.167269731778795
22,12.0,1.8511885981827718,2.1607738962559617
23,12.0,1.8560535339703603,2.1551102523661783
24,12.0,1.8603419372361165,2.1501423582068697
25,12.0,1.864140807428732,2.1457606550211867
26,12.0,1.8675214397542452,2.14187634736144
27,12.0,1.870542686454749,2.138416850342627
28,12.0,1.8732534593336136,2.135322361247874
29,12.0,1.8756946675405097,2.1325432487607214
30,12.0,1.8779007308886269,2.130038044187347
31,12.0,1.879900771180735,2.127771881006073
32,12.0,1.8817195571481156,2.125715271866704
33,12.0,1.8833782593013615,2.1238431421013635
34,12.0,1.8848950569868685,2.122134060022561
35,12.0,1.8862856296873187,2.1205696194923895
36,12.0,1.8875635570281186,2.1191339412686134
37,12.0,1.888740646307362,2.1178132677031747
38,12.0,1.8898272021281763,2.116595631333654
39,12.0,1.8908322495049255,2.1154705823572217
40,12.0,1.891763719370133,2.1144289633230775
41,12.0,1.892628603532914,2.11346272191666
42,12.0,1.8934330846904608,2.112564754647203
43,12.0,1.8941826459675413,2.111728775741589
44,12.0,1.8948821635780158,2.1109492067026427
45,12.0,1.8955359855094842,2.11022108289064
46,12.0,1.896147998584272,2.109539974193225
47,12.0,1.8967216858144014,2.108901917406247
48,12.0,1.8972601756202199,2.1083033583901525
49,12.0,1.8977662842029892,2.1077411024192014
50,12.0,1.8982425521364854,2.1072122714233603
51,12.0,1.8986912760601173,2.1067142670504113
52,12.0,1.8991145362076474,2.106244738659956
53,12.0,1.8995142203843052,2.105801555510719
54,12.0,1.89989204490565,2.1053827825247002
55,12.0,1.9002495729296578,2.104986659111892
56,12.0,1.900588230545902,2.104611580621589
57,12.0,1.9009093209296022,2.104256082054392
58,12.0,1.9012140368216788,2.1039188237253548
59,12.0,1.9015034715570158,2.103598578615617
60,12.0,1.901778628830543,2.103294221188989
4,13.0,0.9253462253117414,4.322706345565341
5,13.0,1.1860601769301358,3.3725101624718135
6,13.0,1.3759965008426664,2.9069841366241715
7,13.0,1.5157093535407562,2.6390283801151218
8,13.0,1.619857810456029,2.46935254080968
9,13.0,1.698721085686544,2.354712632758889
10,13.0,1.7594192433177012,2.2734774643349254
11,13.0,1.8068843689309186,2.2137553840076025
12,13.0,1.8445606424747387,2.168538083211748
13,13.0,1.8748830080535699,2.133466452476223
14,13.0,1.8995975244797099,2.1057092086364873
15,13.0,1.9199748623515753,2.0833606097846618
16,13.0,1.936953299309401,2.065098834043214
17,13.0,1.951235436087697,2.049983270096896
18,13.0,1.9633544115228214,2.037329570516772
19,13.0,1.9737198370337279,2.0266300844457925
20,13.0,1.982650093049265,2.0175017336761134
21,13.0,1.9903953393414004,2.009651007986964
22,13.0,1.9971541207902548,2.0028499344944084
23,13.0,2.00308549911019,1.9969192537097786
24,13.0,2.008318019895675,1.9917164315479208
25,13.0,2.012956414052754,1.9871269800356302
26,13.0,2.0170866584792178,1.983058081905018
27,13.0,2.0207798354171835,1.979433845238372
28,13.0,2.0240951030112257,1.976191728367526
29,13.0,2.0270820017774906,1.9732798162543566
30,13.0,2.0297822602215554,1.970654724100008
31,13.0,2.0322312193624343,1.9682799682877166
32,13.0,2.034458964847662,1.9661246892239557
33,13.0,2.0364912329208167,1.9641626417723592
34,13.0,2.0383501401693174,1.9623713910445908
35,13.0,2.040054774976384,1.960731667141783
36,13.0,2.041621679703977,1.959226843917516
37,13.0,2.0430652459856424,1.9578425152400198
38,13.0,2.044398040502448,1.9565661484477488
39,13.0,2.0456310748181616,1.9553867993306489
40,13.0,2.046774029949384,1.954294876459283
41,13.0,2.0478354441158384,1.9532819453308257
42,13.0,2.0488228703898366,1.9523405648234033
43,13.0,2.049743009619672,1.9514641500068812
44,13.0,2.050601822948914,1.950646856564143
45,13.0,2.0514046274242883,1.9498834830173595
46,13.0,2.0521561775281816,1.9491693876915317
47,13.0,2.0528607349491383,1.9485004179297647
48,13.0,2.0535221284856733,1.947872849536672
49,13.0,2.054143805642719,1.9472833347947827
50,13.0,2.054728877208821,1.946728857694193
51,13.0,2.055280155882252,1.9462066952536476
52,13.0,2.055800189835141,1.9457143840038114
53,13.0,2.056291291958327,1.9452496908599777
54,13.0,2.0567555654095058,1.9448105877392332
55,13.0,2.0571949259882407,1.9443952293818096
56,13.0,2.057611121779608,1.944001933922499
57,13.0,2.058005750440351,1.9436291658291631
58,13.0,2.058380274444902,1.9432755208843557
59,13.0,2.0587360345614543,1.9429397129351107
60,13.0,2.059074261788717,1.9426205621769081
4,14.0,0.9413755384972876,4.249101274062397
5,14.0,1.218582001844949,3.2825037576001845
6,14.0,1.4258253429782501,2.805392693921991
7,14.0,1.581466560346595,2.5292978683807
8,14.0,1.6993784556542146,2.353801760102995
9,14.0,1.7897874504935023,2.2349022499275377
10,14.0,1.8600527580326969,2.15047663714154
11,14.0,1.9154215393797964,2.0883131560143045
12,14.0,1.959639954679728,2.0411912864134965
13,14.0,1.995402424260713,2.0046081689421524
14,14.0,2.024667555095511,1.9756329822805432
15,14.0,2.048876357868283,1.952289597485389
16,14.0,2.069102394666447,1.9332054374451713
17,14.0,2.0861554792195225,1.9174026288282644
18,14.0,2.1006538638748964,1.9041690155566813
19,14.0,2.1130749960250763,1.8929758799495686
20,14.0,2.12379160255316,1.8834239645694602
21,14.0,2.1330976376829347,1.875207177269662
22,14.0,2.1412271551122806,1.8680876479871888
23,14.0,2.148368187262248,1.8618782496017878
24,14.0,2.154673062614347,1.8564301329068678
25,14.0,2.1602661543969632,1.851623695468486
26,14.0,2.165249757327777,1.8473619435646826
27,14.0,2.169708586240832,1.8435655485561186
28,14.0,2.173713250234165,1.840169120544808
29,14.0,2.1773229581156444,1.8371183682653052
30,14.0,2.180587641932489,1.8343679121537644
31,14.0,2.1835496362527165,1.8318795843196733
32,14.0,2.186245015566838,1.8296210953111773
33,14.0,2.188704666575902,1.8275649799101317
34,14.0,2.1909551533995892,1.8256877571379824
35,14.0,2.193019419916046,1.823969256119551
36,14.0,2.1949173631636576,1.8223920713965174
37,14.0,2.196666304027682,1.8209411200353134
38,14.0,2.198281375614145,1.8196032793493053
39,14.0,2.199775845286498,1.8183670888881143
40,14.0,2.201161382950731,1.8172225039846306
41,14.0,2.202448285561962,1.81616069091011
42,14.0,2.203645665799414,1.8151738557972406
43,14.0,2.204761611275958,1.8142551011150303
44,14.0,2.205803319408189,1.8133983047378806
45,14.0,2.2067772120946008,1.8125980176328407
46,14.0,2.207689033573454,1.8118493769593262
47,14.0,2.208543934213539,1.8111480319835236
48,14.0,2.20934654249571,1.8104900806921587
49,14.0,2.2101010270445065,1.8098720153752723
50,14.0,2.2108111502471486,1.8092906757561975
51,14.0,2.2114803147356965,1.8087432084956439
52,14.0,2.2121116037951203,1.8082270320980012
53,14.0,2.2127078165856724,1.8077398064115922
54,14.0,2.213271498924721,1.8072794060481643
55,14.0,2.21380497025515,1.8068438971563894
56,14.0,2.2143103473297345,1.806431517074222
57,14.0,2.21478956505979,1.8060406564593943
58,14.0,2.2152443949088525,1.8056698435589913
59,14.0,2.215676461155672,1.8053177303303771
60,14.0,2.216087255303504,1.804983080168556
4,15.0,0.9540452601799491,4.192673206348232
5,15.0,1.2458296916628504,3.2107117263043126
6,15.0,1.469270363635877,2.7224397217824117
7,15.0,1.6404494736779514,2.4383561116526464
8,15.0,1.7722054183806284,2.2570746926476746
9,15.0,1.8744988628360575,2.133903668497364
10,15.0,1.9547874744164633,2.046258251779553
11,15.0,2.018551279430944,1.9816192141165976
12,15.0,2.0697943416714875,1.9325591530846256
13,15.0,2.1114491021342103,1.8944335413801263
14,15.0,2.145677954850225,1.8642126564045405
15,15.0,2.174090292152032,1.8398499889535793
16,15.0,2.1978964450574527,1.8199219571945942
17,15.0,2.218016503641706,1.803413091576415
18,15.0,2.235157469079796,1.789583085457859
19,15.0,2.2498683076468793,1.7778818370856428
20,15.0,2.262579566632283,1.7678936285780065
21,15.0,2.2736321494014553,1.7592995423877251
22,15.0,2.283298421508826,1.7518516030667428
23,15.0,2.2917978448718013,1.7453546389139538
24,15.0,2.2993086715362803,1.73965333559474
25,15.0,2.305976773058091,1.7346228490824587
26,15.0,2.3119223680280165,1.7301619013322884
27,15.0,2.317245192971008,1.7261876352719856
28,15.0,2.322028510021162,1.722631734596379
29,15.0,2.326342237784266,1.7194374649749797
30,15.0,2.3302454157495918,1.7165573947554715
31,15.0,2.3337881580830833,1.7139516224495297
32,15.0,2.337013213198267,1.7115863861659089
33,15.0,2.3399572167407205,1.7094329637238068
34,15.0,2.342651704475042,1.7074667960068561
35,15.0,2.3451239358909963,1.7056667832270695
36,15.0,2.3473975676417713,1.7040147161856594
37,15.0,2.349493207122528,1.702494813721501
38,15.0,2.351428869826827,1.7010933442756377
39,15.0,2.3532203590301677,1.6997983145312066
40,15.0,2.354881582443216,1.698599211876274
41,15.0,2.356424817458986,1.6974867903120023
42,15.0,2.3578609342723187,1.6964528916267392
43,15.0,2.3591995843159865,1.6954902953493602
44,15.0,2.360449360016171,1.694592592307338
45,15.0,2.361617930730721,1.6937540776387732
46,15.0,2.362712158828664,1.6929696599111066
47,15.0,2.3637381991470496,1.692234783633565
48,15.0,2.3647015844818875,1.6915453629538675
49,15.0,2.3656072993031585,1.6908977247315258
50,15.0,2.3664598435062207,1.690288559502229
51,15.0,2.367263287705029,1.6897148791074468
52,15.0,2.3680213213221606,1.689173979973559
53,15.0,2.3687372945255967,1.6886634111956715
54,15.0,2.3694142548935355,1.6881809467208304
55,15.0,2.3700549795494124,1.6877245610397054
56,15.0,2.3706620033940706,1.6872924078899525
57,15.0,2.371237643966307,1.6868828015522328
58,15.0,2.3717840233832126,1.68649420038433
59,15.0,2.3723030877450113,1.6861251922924374
60,15.0,2.372796624333136,1.6857744818834537
4,16.0,0.9640275800758171,4.149258882910192
5,16.0,1.2685679349518695,3.1531618368958405
6,16.0,1.5069910038561143,2.6542958715511453
7,16.0,1.6931414377992484,2.3624724495546072
8,16.0,1.8386509403324975,2.1755080925130077
9,16.0,1.9530292099335367,2.0481004480911595
10,16.0,2.043695035932385,1.957239181811243
11,16.0,2.1162736046390633,1.8901147711863144
12,16.0,2.174975561823037,1.8391011238063064
13,16.0,2.2229434799274,1.7994159708148034
14,16.0,2.2625297681126866,1.7679325401038337
15,16.0,2.2955065645396657,1.7425347684867756
16,16.0,2.323219834682178,1.7217483857041922
17,16.0,2.346701172394159,1.7045203910300635
18,16.0,2.3667486869117393,1.6900822728328686
19,16.0,2.3839856636702197,1.6778624389216654
20,16.0,2.398903335938137,1.6674285870863252
21,16.0,2.4118922930574045,1.6584488501057613
22,16.0,2.423265729879874,1.650665030532284
23,16.0,2.4332768028646163,1.643873806420598
24,16.0,2.4421316983994337,1.6379133044387364
25,16.0,2.449999556870086,1.6326533565214454
26,16.0,2.4570200721515714,1.6279883283563357
27,16.0,2.463309358327527,1.6238317718712418
28,16.0,2.468964514215434,1.6201123900199454
29,16.0,2.4740672014440883,1.6167709582283132
30,16.0,2.478686469455526,1.6137579517584768
31,16.0,2.4828810012690377,1.6110316998501097
32,16.0,2.486700910490111,1.608556937075166
33,16.0,2.490189188234973,1.606303657127019
34,16.0,2.4933828751239298,1.604246198972224
35,16.0,2.496314015983522,1.6023625130446746
36,16.0,2.4990104417623997,1.6006335680530586
37,16.0,2.5014964132459823,1.5990428684283162
38,16.0,2.5037931536130795,1.5975760594391875
39,16.0,2.5059192911064723,1.5962206022340912
40,16.0,2.5078912286456747,1.5949655050072096
41,16.0,2.5097234537677537,1.5938010994776934
42,16.0,2.511428799600114,1.5927188541585993
43,16.0,2.5130186654677864,1.5917112176544137
44,16.0,2.5145032040826343,1.5907714865924456
45,16.0,2.515891480951359,1.5898936938597368
46,16.0,2.517191610596386,1.5890725136543338
47,16.0,2.518410873350018,1.5883031805208003
48,16.0,2.5195558158125846,1.5875814200646934
49,16.0,2.5206323375250403,1.5869033894596154
50,16.0,2.5216457659687537,1.5862656261964294
51,16.0,2.5226009216490786,1.5856650037950173
52,16.0,2.5235021747284274,1.5850986934181934
53,16.0,2.52435349443604,1.5845641305056726
54,16.0,2.5251584922853447,1.584058985691579
55,16.0,2.5259204599676934,1.5835811393883559
56,16.0,2.526642402656885,1.5831286595181848
57,16.0,2.5273270683471467,1.5826997819542092
58,16.0,2.5279769737540523,1.582292893301156
59,16.0,2.5285944272298373,1.5819065157009535
60,16.0,2.529181549079113,1.581539293395691
4,17.0,0.9718727459135093,4.115765172774971
5,17.0,1.2874801330228491,3.106844057164967
6,17.0,1.5396225257371872,2.598039411046392
7,17.0,1.7400428302146314,2.2987939897471414
8,17.0,1.899065804610631,2.106298786639533
9,17.0,2.0255985559499554,1.9747249464858052
10,17.0,2.1268931303492415,1.8806774740690377
11,17.0,2.2086307939180574,1.8110768042421872
12,17.0,2.275172544619732,1.7581084166381555
13,17.0,2.3298379473535733,1.7168576057161133
14,17.0,2.3751511753034698,1.684103328491891
15,17.0,2.4130379905987454,1.6576614274553891
16,17.0,2.4449762658382497,1.6360077011334984
17,17.0,2.472108443530409,1.6180519954406267
18,17.0,2.495324751330652,1.6029977652676142
19,17.0,2.515324634737263,1.5902519876595644
20,17.0,2.532662199178184,1.5793657761773159
21,17.0,2.547779977135938,1.56999428361022
22,17.0,2.561034172519125,1.5618690460758111
23,17.0,2.572713664538825,1.5547785418697284
24,17.0,2.583054419512402,1.5485542889781905
25,17.0,2.5922505029058343,1.5430607479933445
26,17.0,2.6004625572768236,1.538187884615711
27,17.0,2.6078243779092074,1.5338456200823436
28,17.0,2.614448050058545,1.5299596409691247
29,17.0,2.6204279907155854,1.526468200680333
30,17.0,2.625844150089125,1.5233196531729556
31,17.0,2.6307645640595,1.5204705334131647
32,17.0,2.635247401924112,1.5178840503094402
33,17.0,2.639342619088332,1.5155288938507194
34,17.0,2.6430932985736595,1.513378283755096
35,17.0,2.6465367459141658,1.5114092053229065
36,17.0,2.6497053874681247,1.5096017915494082
37,17.0,2.6526275111410897,1.5079388203582742
38,17.0,2.655327880098357,1.5064053030813787
39,17.0,2.657828243580558,1.5049881457393586
40,17.0,2.6601477639431583,1.503675868768571
41,17.0,2.662303375161802,1.5024583739472963
42,17.0,2.6643100850154378,1.501326749651523
43,17.0,2.666181230779491,1.5002731074025866
44,17.0,2.6679286963828255,1.4992904440899022
45,17.0,2.6695630974917886,1.4983725253612605
46,17.0,2.671093939796525,1.4975137865442152
47,17.0,2.6725297548231217,1.496709248150068
48,17.0,2.6738782168296065,1.4959544435583025
49,17.0,2.6751462437252287,1.495245356915467
50,17.0,2.676340084450605,1.4945783696323907
51,17.0,2.6774653948474247,1.4939502141456957
52,17.0,2.6785273037120905,1.4933579338379415
53,17.0,2.6795304704531557,1.4927988481965386
54,17.0,2.6804791355463418,1.492270522443261
55,17.0,2.6813771647939104,1.4917707409906424
56,17.0,2.6822280882401324,1.4912974841839368
57,17.0,2.683035134465475,1.4908489078719784
58,17.0,2.683801260874374,1.490423325420457
59,17.0,2.6845291805012095,1.4900191918395123
60,17.0,2.6852213857832568,1.4896350897463277
4,18.0,0.9780261147388138,4.089870341619884
5,18.0,1.3031666782750015,3.0694461934023587
6,18.0,1.56776276369515,2.5514064325473393
7,18.0,1.7816552787249769,2.245103218206475
8,18.0,1.9538256197241999,2.047265610410327
9,18.0,2.092462746277066,1.911623041851926
10,18.0,2.2045381628252345,1.8144389911008774
11,18.0,2.295702447860685,1.7423860848027204
12,18.0,2.3704081606835024,1.6874730969735643
13,18.0,2.4321147932477194,1.6446592122646515
14,18.0,2.4834962312863857,1.6106326031862368
15,18.0,2.526619563181323,1.5831429702711202
16,18.0,2.563088361228739,1.5606172851888762
17,18.0,2.5941533924766578,1.5419288665043704
18,18.0,2.620796632502111,1.5262534873532496
19,18.0,2.643794518973906,1.5129768865518554
20,18.0,2.663765483437132,1.501633692932565
21,18.0,2.681205729266565,1.4918661243850864
22,18.0,2.696516267433306,1.4833954641065163
23,18.0,2.710023453500717,1.4760019861942282
24,18.0,2.7219946823484675,1.4695105857256496
25,18.0,2.732650460104879,1.4637803328298638
26,18.0,2.7421737515650464,1.4586967721199549
27,18.0,2.75071726664182,1.4541661727682218
28,18.0,2.7584091780871733,1.4501111842927565
29,18.0,2.7653576375175786,1.44646751860665
30,18.0,2.7716543649761363,1.443181390344261
31,18.0,2.777377519661488,1.4402075237101823
32,18.0,2.782594009417485,1.4375075869718306
33,18.0,2.7873613593385254,1.4350489528739283
34,18.0,2.791729231970159,1.4328037096839612
35,18.0,2.795740670595142,1.4307478665925413
36,18.0,2.7994331211967434,1.428860711017815
37,18.0,2.802839276577754,1.4271242855152115
38,18.0,2.8059877768305515,1.4255229595184202
39,18.0,2.808903793198628,1.4240430767637704
40,18.0,2.8116095168246913,1.4226726634918438
41,18.0,2.8141245695591683,1.4214011857430315
42,18.0,2.8164663506178247,1.4202193465306459
43,18.0,2.8186503302117303,1.4191189155767079
44,18.0,2.820690299163662,1.4180925857709386
45,18.0,2.822598581847996,1.4171338516655607
46,18.0,2.824386218451504,1.4162369062234827
47,18.0,2.8260631214775818,1.4153965527523802
48,18.0,2.827638210550135,1.4146081295250903
49,18.0,2.829119528872279,1.413867445040206
50,18.0,2.8305143441253673,1.4131707222405916
51,18.0,2.8318292361291086,1.4125145503009533
52,18.0,2.8330701732029855,1.4118958428331898
53,18.0,2.834242578856456,1.4113118015515445
54,18.0,2.835351390177378,1.4107598845975002
55,18.0,2.836401109074656,1.410237778853836
56,18.0,2.837395847353747,1.4097433756839173
57,18.0,2.8383393664560077,1.4092747496203948
58,18.0,2.8392351125693933,1.4088301396005776
59,18.0,2.8400862477145714,1.4084079324065655
60,18.0,2.840895677323541,1.408006648019005
4,19.0,0.9828450291725763,4.069817602239351
5,19.0,1.316147949044331,3.0391720041082326
6,19.0,1.5919640457673645,2.5126195598669474
7,19.0,1.8184694533852583,2.1996520164546123
8,19.0,2.0033190251712014,1.9966864736674501
9,19.0,2.153903818244069,1.8570931376410889
10,19.0,2.2768181179872795,1.7568377414073038
11,19.0,2.377600441662936,1.6823684627187943
12,19.0,2.4607357713227564,1.6255300738160194
13,19.0,2.5297839072682233,1.5811627184866488
14,19.0,2.5875433724188106,1.5458678075261936
15,19.0,2.6362075116200137,1.5173312352569326
16,19.0,2.677497096776221,1.4939325255725238
17,19.0,2.7127668949833654,1.4745092943286333
18,19.0,2.7430888854008115,1.458210129933698
19,19.0,2.769316298806073,1.4443998331734471
20,19.0,2.792132580318987,1.432596728463023
21,19.0,2.8120887654592903,1.4224302053092166
22,19.0,2.829632053053391,1.4136113547638434
23,19.0,2.845127722089206,1.405912279067303
24,19.0,2.8588760199043897,1.399151265095355
25,19.0,2.8711252444955333,1.3931819963858156
26,19.0,2.882081936614177,1.387885593807626
27,19.0,2.8919188672784433,1.383164668020013
28,19.0,2.900781335136141,1.3789388229817294
29,19.0,2.9087921609926113,1.3751412196583408
30,19.0,2.9160556723698106,1.371715923636428
31,19.0,2.922660900631537,1.3686158387843312
32,19.0,2.9286841606542864,1.365801083550906
33,19.0,2.934191143584296,1.3632377047917037
34,19.0,2.9392386234853856,1.3608966512752034
35,19.0,2.943875856148882,1.3587529486493761
36,19.0,2.948145731172573,1.3567850319288899
37,19.0,2.95208572527187,1.354974202055607
38,19.0,2.955728694667971,1.353304180866078
39,19.0,2.959103536567416,1.3517607446206603
40,19.0,2.962235743656235,1.350331420639355
41,19.0,2.965147870769344,1.3490052349268338
42,19.0,2.9678599291536965,1.347772501224687
43,19.0,2.9703897207888637,1.3466246438994869
44,19.0,2.972753122884644,1.3455540486048014
45,19.0,2.9749643308070737,1.3445539358499958
46,19.0,2.9770360661886395,1.3436182535473995
47,19.0,2.978979755776029,1.342741585351255
48,19.0,2.980805685597904,1.3419190721912695
49,19.0,2.9825231342480865,1.3411463448743461
50,19.0,2.9841404884390292,1.3404194660058901
51,19.0,2.985665343457032,1.3397348797867927
52,19.0,2.9871045907215716,1.3390893684890193
53,19.0,2.9884644942978964,1.3384800146135756
54,19.0,2.9897507579204006,1.3379041678986996
55,19.0,2.9909685838426214,1.337359416480742
56,19.0,2.9921227246288042,1.336843561621033
57,19.0,2.9932175288344496,1.3363545955036515
58,19.0,2.994256981383122,1.3358906816850102
59,19.0,2.9952447393292263,1.3354501378394157
60,19.0,2.9961841635975417,1.3350314204975868
4,20.0,0.9866142981514305,4.0542692392504325
5,20.0,1.3268701320519312,3.01461303813827
6,20.0,1.6127291496278193,2.4802676884231354
7,20.0,1.850956078088025,2.161045336165872
8,20.0,2.047937868324643,1.953184255180691
9,20.0,2.2102213987917354,1.8097734472151457
10,20.0,2.3439457957939402,1.7065241044301205
11,20.0,2.454463920998288,1.629683763439923
12,20.0,2.5462356652317495,1.5709464974586058
13,20.0,2.622880309857962,1.525040995948692
14,20.0,2.6872937420630705,1.4884863300910112
15,20.0,2.7417781919743143,1.4589072200328717
16,20.0,2.7881610864890796,1.4346373383457902
17,20.0,2.8278951846861844,1.414479582433281
18,20.0,2.862139394062844,1.3975559709976069
19,20.0,2.8918225118001804,1.3832107550438741
20,20.0,2.9176929016077118,1.370946201293465
21,20.0,2.940357001668114,1.3603790280332397
22,20.0,2.9603091357439206,1.3512102339929464
23,20.0,2.9779546211069805,1.3432038123244132
24,20.0,2.9936277332618317,1.336171480360263
25,20.0,3.0076057282060504,1.3299615579552324
26,20.0,3.0201198386317953,1.3244507548455824
27,20.0,3.0313639408999156,1.3195380290802454
28,20.0,3.0415014223403802,1.3151399406290833
29,20.0,3.050670651881991,1.3111870983294633
30,20.0,3.0589893615507777,1.3076214158430972
31,20.0,3.066558174380229,1.3043939728319114
32,20.0,3.0734634598958577,1.3014633335304195
33,20.0,3.079779657149899,1.2987942142918414
34,20.0,3.085571173978695,1.2963564197555661
35,20.0,3.0908939472674617,1.2941239875073176
36,20.0,3.0957967306983263,1.2920744958270276
37,20.0,3.100322162359962,1.290188499944536
38,20.0,3.1045076536912752,1.2884490702556264
39,20.0,3.108386132754391,1.286841411963042
40,20.0,3.111986668211583,1.285352550144036
41,20.0,3.1153349951856364,1.2839710676962521
42,20.0,3.1184539600876087,1.2826868862568122
43,20.0,3.1213638982523997,1.2814910822283598
44,20.0,3.124082955642394,1.280375731628898
45,20.0,3.1266273638178044,1.2793337787192376
46,20.0,3.1290116757181585,1.2783589243341305
47,20.0,3.1312489684665183,1.277445530611684
48,20.0,3.1333510183297286,1.2765885394264729
49,20.0,3.13532845209223,1.2757834023197052
50,20.0,3.137190878387011,1.2750260201115347
51,20.0,3.138947001943006,1.2743126906965943
52,20.0,3.140604723228448,1.2736400637798568
53,20.0,3.1421712255742746,1.2730051015182806
54,20.0,3.1436530515347196,1.2724050442039763
55,20.0,3.1450561699709803,1.2718373802643113
56,20.0,3.1463860351180823,1.271299819969447
57,20.0,3.147647638706645,1.2707902723328914
58,20.0,3.148845556053401,1.2703068247695803
59,20.0,3.1499839869018373,1.2698477251416744
60,20.0,3.1510667916827315,1.2694113658771167
4,21.0,0.9895597486128834,4.042201600870493
5,21.0,1.3357125002409955,2.9946564094281527
6,21.0,1.6305102616798135,2.453219764393907
7,21.0,1.8795597157636499,2.1281579757495668
8,21.0,2.0880692866876567,1.9156452448688974
9,21.0,2.2617251854276814,1.7685614617425853
10,21.0,2.4061525560714734,1.6624049833859256
11,21.0,2.526454463017562,1.5832464263861918
12,21.0,2.6270114776239253,1.522642757395911
13,21.0,2.711461579664531,1.4752191327361128
14,21.0,2.782769382933551,1.4374169934927428
15,21.0,2.8433268414239707,1.406802743084138
16,21.0,2.8950557417410763,1.3816659701323797
17,21.0,2.9394993002663816,1.3607759660420788
18,21.0,2.9778990214796273,1.3432288909556516
19,21.0,3.011257042154872,1.3283489067866414
20,21.0,3.040385768814111,1.3156225242957187
21,21.0,3.065947010535129,1.3046539898619585
22,21.0,3.08848269194968,1.2951343423183965
23,21.0,3.108438932019631,1.286819553955689
24,21.0,3.1261849430604753,1.2795148312895641
25,21.0,3.142027902673543,1.2730631693615486
26,21.0,3.156224698137926,1.2673368921927122
27,21.0,3.1689912394969295,1.2622313214835492
28,21.0,3.180509878134748,1.257659983230693
29,21.0,3.1909353442980506,1.2535509398984483
30,21.0,3.2003995223033725,1.2498439560824406
31,21.0,3.2090153096905096,1.24648828814275
32,21.0,3.21687975116378,1.2434409457030242
33,21.0,3.224076595753244,1.240665313370285
34,21.0,3.230678393106618,1.2381300498789676
35,21.0,3.2367482198121738,1.235808202663387
36,21.0,3.242341107352813,1.233676491017249
37,21.0,3.2475052283411867,1.231714722147864
38,21.0,3.252282886058007,1.2299053127104445
39,21.0,3.256711343234032,1.2282328946070658
40,21.0,3.2608235188929355,1.226683988515275
41,21.0,3.2646485764607425,1.2252467321724605
42,21.0,3.268212421908203,1.2239106531712312
43,21.0,3.2715381271652033,1.2226664781272198
44,21.0,3.2746462912322136,1.2215059717166716
45,21.0,3.277555349159157,1.2204218003598881
46,21.0,3.2802818372485314,1.2194074163319946
47,21.0,3.2828406213749437,1.218456958877489
48,21.0,3.2852450941258775,1.2175651695370087
49,21.0,3.287507345502183,1.216727319399793
50,21.0,3.28963831112762,1.215939146400834
51,21.0,3.2916479012698248,1.2151968011089258
52,21.0,3.2935451134429994,1.2144967997169738
53,21.0,3.295338130923438,1.213835983161794
54,21.0,3.2970344091453727,1.2132114814770294
55,21.0,3.2986407516425484,1.212620682627598
56,21.0,3.300163376949222,1.212061205193341
57,21.0,3.301607977663931,1.2115308743681374
58,21.0,3.3029797727030177,1.211027700822573
59,21.0,3.3042835536226725,1.2105498620463653
60,21.0,3.3055237257633205,1.2100956858436431
4,22.0,0.991859724568208,4.032828333403035
5,22.0,1.3429952031992436,2.9784171905240746
6,22.0,1.6457100609642272,2.4305617951052607
7,22.0,1.9046948532112085,2.1000739269370237
8,22.0,2.1240895508377813,1.8831597747008002
9,22.0,2.30872853782923,1.7325553587001525
10,22.0,2.4636826607975855,1.6235857254055
11,22.0,2.5937514981511773,1.5421677839419832
12,22.0,2.7031866731836365,1.4797350252134314
13,22.0,2.7956052410190138,1.4308171773715725
14,22.0,2.874011341972397,1.3917829556145216
15,22.0,2.940866229191919,1.3601434707552496
16,22.0,2.9981723275203005,1.3341461273869744
17,22.0,3.0475544377588095,1.3125278257347963
18,22.0,3.090331175779091,1.2943596567741888
19,22.0,3.1275748400969796,1.2789462137622158
20,22.0,3.1601602415278207,1.2657585990215952
21,22.0,3.188803926633048,1.2543888216493344
22,22.0,3.2140954272010354,1.2445181204477684
23,22.0,3.2365220630937026,1.23589455657117
24,22.0,3.256488610840886,1.2283169014268793
25,22.0,3.274332916658772,1.2216228776399807
26,22.0,3.2903383185677852,1.2156804597957318
27,22.0,3.3047435608428586,1.2103813582981366
28,22.0,3.3177507363527723,1.2056360823529586
29,22.0,3.329531674923238,1.2013701596913684
30,22.0,3.3402331037515958,1.1975212135666173
31,22.0,3.3499808342038166,1.194036681989159
32,22.0,3.358883173731976,1.1908720229634226
33,22.0,3.367033718604911,1.1879892909588536
34,22.0,3.374513649804282,1.185355999443652
35,22.0,3.381393628575994,1.1829442056660289
36,22.0,3.3877353680190323,1.1807297694385697
37,22.0,3.3935929414145063,1.1786917491444135
38,22.0,3.3990138757315655,1.1768119067001706
39,22.0,3.4040400691164776,1.1750742995919565
40,22.0,3.408708563582058,1.1734649429215445
41,22.0,3.4130521981109805,1.1719715280691803
42,22.0,3.4171001626187256,1.1705831873931853
43,22.0,3.42087846942057,1.1692902965586853
44,22.0,3.424410355804624,1.168084307775705
45,22.0,3.4277166288683176,1.1669576085467208
46,22.0,3.4308159618040968,1.1659034015618248
47,22.0,3.433725149223921,1.1649156022007372
48,22.0,3.436459327815172,1.1639887507538509
49,22.0,3.4390321675628868,1.1631179369963993
50,22.0,3.4414560379077317,1.1622987351690364
51,22.0,3.4437421524983423,1.1615271477564335
52,22.0,3.445900695611046,1.1607995567297384
53,22.0,3.447940932825934,1.1601126811420166
54,22.0,3.449871308146773,1.1594635401483278
55,22.0,3.451699529418386,1.1588494206719098
56,22.0,3.4534326436164906,1.158267849061372
57,22.0,3.455077103351884,1.15771656618588
58,22.0,3.4566388257351948,1.157193505500025
59,22.0,3.4581232445838226,1.156696773680601
60,22.0,3.4595353568137406,1.1562246334964565
4,23.0,0.9936546343150299,4.025543545879376
5,23.0,1.348986960139737,2.965188039761076
6,23.0,1.6586842168342966,2.4115500463579815
7,23.0,1.9267438265315027,2.0760414253931954
8,23.0,2.156359476215857,1.8549782835928186
9,23.0,2.3515431543143324,1.701010671507888
10,23.0,2.5167882632270833,1.5893271827607416
11,23.0,2.6565480630151344,1.5057133938920992
12,23.0,2.7749011596894033,1.441492784718762
13,23.0,2.8754061664212216,1.3911078186837398
14,23.0,2.9610777297917736,1.3508595062383872
15,23.0,3.034425234903572,1.3182068070057795
16,23.0,3.0975169378459473,1.2913569417901718
17,23.0,3.152049223727316,1.2690157152019275
18,23.0,3.199411303728442,1.2502300017939518
19,23.0,3.240741576881961,1.2342853958286146
20,23.0,3.2769748899243187,1.220637976903259
21,23.0,3.3088813039079215,1.2088677811669581
22,23.0,3.3370974945270833,1.1986464304864008
23,23.0,3.3621520112179377,1.1897142028837067
24,23.0,3.3844855314397604,1.181863524852594
25,23.0,3.4044670898579024,1.1749269105629552
26,23.0,3.4224070942930003,1.1687680307436712
27,23.0,3.438567785986568,1.1632750170874848
28,23.0,3.453171669622662,1.158355385336835
29,23.0,3.4664083297443185,1.1539321451766298
30,23.0,3.478439962601749,1.149940790413454
31,23.0,3.489405882879956,1.1463269491305577
32,23.0,3.499426209906891,1.1430445336083905
33,23.0,3.5086048948998982,1.1400542722306501
34,23.0,3.517032217090041,1.1373225359048778
35,23.0,3.5247868501550235,1.1348203934158674
36,23.0,3.5319375796864856,1.132522846101675
37,23.0,3.5385447361547646,1.130408204008376
38,23.0,3.5446613950297223,1.1284575744269247
39,23.0,3.550334385605882,1.1266544402739067
40,23.0,3.5556051420721517,1.124984310735039
41,23.0,3.5605104240024175,1.1234344303656179
42,23.0,3.565082928368498,1.1219935357381812
43,23.0,3.5693518111156797,1.120651650964524
44,23.0,3.573343133079523,1.1193999151581009
45,23.0,3.5770802423938144,1.118230436263058
46,23.0,3.580584103413322,1.117136166746329
47,23.0,3.5838735804490676,1.116110797496041
48,23.0,3.586965683208165,1.1151486669430355
49,23.0,3.589875779681232,1.11424468296092
50,23.0,3.5926177812783195,1.1133942555327236
51,23.0,3.595204304239029,1.112593238521573
52,23.0,3.5976468107027215,1.1118378791659895
53,23.0,3.599955732294912,1.1111247741510606
54,23.0,3.6021405786459306,1.1104508312953258
55,23.0,3.604210032891412,1.1098132360480315
56,23.0,3.606172035897901,1.1092094221189976
57,23.0,3.608033860700299,1.1086370456688626
58,23.0,3.609802178422278,1.1080939625750528
59,23.0,3.611483116769161,1.107578208361779
60,23.0,3.6130823120293645,1.1070879804433005
4,24.0,0.9950547536867307,4.019879293254756
5,24.0,1.3539122897516362,2.954401130913559
6,24.0,1.6697447485889894,2.395575732985645
7,24.0,1.9460561693585017,2.055439130165786
8,24.0,2.1852211899077587,1.830478314265681
9,24.0,2.3904747691711568,1.6733077678066897
10,24.0,2.565725059691616,1.5590134979157801
11,24.0,2.7150469315191375,1.4732710339419064
12,24.0,2.8423080847744497,1.4073069775324578
13,24.0,2.9509740407616554,1.3554846449844025
14,24.0,3.0440417723711355,1.3140424143668132
15,24.0,3.12404738320295,1.280390310821398
16,24.0,3.1931094117189693,1.2526974444783123
17,24.0,3.2529849248516047,1.2296398822636636
18,24.0,3.3051263227348637,1.2102411857862532
19,24.0,3.3507332433744454,1.193768560332094
20,24.0,3.390797517089421,1.1796634802993202
21,24.0,3.426140929326344,1.1674942982530756
22,24.0,3.457446375097859,1.1569232219507048
23,24.0,3.485283291387035,1.147682889905952
24,24.0,3.5101282978185746,1.13955948632586
25,24.0,3.5323819030673547,1.132380390842391
26,24.0,3.5523820187159214,1.1260050239320485
27,24.0,3.5704148998060905,1.120317977671794
28,24.0,3.58672401835022,1.1152238029843942
29,24.0,3.6015172785047067,1.110643012564065
30,24.0,3.6149729008998706,1.1065089862787865
31,24.0,3.6272442374866767,1.102765553711819
32,24.0,3.6384637251157526,1.099365089828605
33,24.0,3.6487461436976405,1.0962670030933965
34,24.0,3.658191311172728,1.093436526346594
35,24.0,3.666886320897974,1.0908437431516695
36,24.0,3.6749074059905604,1.0884627986760966
37,24.0,3.682321498487237,1.0862712562287868
38,24.0,3.6891875379509442,1.0842495695466021
39,24.0,3.695557573646874,1.082380647652228
40,24.0,3.7014776960398312,1.0806494941951303
41,24.0,3.7069888266798348,1.0790429070655174
42,24.0,3.712127390188279,1.0775492270477065
43,24.0,3.7169258877545746,1.0761581265792826
44,24.0,3.721413388085286,1.0748604314711863
45,24.0,3.7256159489433194,1.073647969843618
46,24.0,3.72955698013946,1.072513443634377
47,24.0,3.7332575569865507,1.0714503189082838
48,24.0,3.7367366917142486,1.070452731890236
49,24.0,3.7400115691032045,1.0695154081994287
50,24.0,3.7430977515793273,1.0686335932082665
51,24.0,3.746009358169158,1.067802991809657
52,24.0,3.74875922102322,1.0670197161684352
53,24.0,3.751359022638294,1.0662802402705884
54,24.0,3.7538194164305176,1.0655813602785331
55,24.0,3.7561501329115057,1.0649201598604576
56,24.0,3.758360073385244,1.0642939797934543
57,24.0,3.760457392802962,1.0637003912490783
58,24.0,3.762449573177084,1.0631371722604441
59,24.0,3.764343488756319,1.0626022869452698
60,24.0,3.7661454639955205,1.0620938671222704
4,25.0,0.9961465306733452,4.01547350397958
5,25.0,1.357958082453985,2.9455990222993806
6,25.0,1.6791638351533158,2.3821380119437725
7,25.0,1.9629490207527858,2.037750322454126
8,25.0,2.2109960352863838,1.8091393816008774
9,25.0,2.425819781750354,1.6489271091333066
10,25.0,2.610748593552338,1.5321276088699773
11,25.0,2.769457150915283,1.4443263722921413
12,25.0,2.9055708546514523,1.3766657913698799
13,25.0,3.022430925647854,1.3234380200575155
14,25.0,3.1229898879152427,1.280823871853843
15,25.0,3.2097893609011665,1.2461876934120615
16,25.0,3.284982209749568,1.217662606551815
17,25.0,3.350374608990417,1.193896344983744
18,25.0,3.4074740024383043,1.173890100742573
19,25.0,3.457535700298513,1.1568933329176188
20,25.0,3.501604837021771,1.1423333546118044
21,25.0,3.5405525969535763,1.1297671452308742
22,25.0,3.575106724132747,1.1188477180273055
23,25.0,3.6058768360231555,1.1093002290148974
24,25.0,3.6333752398776573,1.1009047334551352
25,25.0,3.6580339660037815,1.093483558975752
26,25.0,3.680218673214348,1.0868919363713654
27,25.0,3.7002399951663643,1.0810109628632774
28,25.0,3.718362805663201,1.075742257831284
29,25.0,3.734813797128095,1.0710038618460234
30,25.0,3.7497876934700516,1.0667270594987746
31,25.0,3.763452357222721,1.0628538959243905
32,25.0,3.7759530003623736,1.0593352193780285
33,25.0,3.787415667218571,1.0561291264176316
34,25.0,3.797950124867983,1.05319971787124
35,25.0,3.8076522699252373,1.050516096649377
36,25.0,3.816606139470579,1.048051555184801
37,25.0,3.824885596935839,1.0457829126195166
38,25.0,3.8325557502498944,1.043689971043262
39,25.0,3.8396741487284296,1.041755066982615
40,25.0,3.8462917965258003,1.0399626995572822
41,25.0,3.8524540135073373,1.0382992206981165
42,25.0,3.858201168799055,1.0367525758759446
43,25.0,3.863569307751295,1.0353120861517846
44,25.0,3.8685906893949045,1.033968264196399
45,25.0,3.8732942484997346,1.0327126583655097
46,25.0,3.877705993928818,1.0315377200495996
47,25.0,3.881849353008722,1.030436690413991
48,25.0,3.8857454700211034,1.02940350335872
49,25.0,3.8894134655936075,1.0284327020988278
50,25.0,3.8928706626752616,1.0275193672247813
51,25.0,3.896132783878345,1.026659054473565
52,25.0,3.8992141242204443,1.0258477407417848
53,25.0,3.9021277026784724,1.0250817771172243
54,25.0,3.904885395448172,1.02435784790578
55,25.0,3.9074980533695096,1.02367293479538
56,25.0,3.9099756056154273,1.0230242854342317
57,25.0,3.9123271514364832,1.022409385813077
58,25.0,3.914561041497019,1.021825935934392
59,25.0,3.9166849501215424,1.0212718283291773
60,25.0,3.9187059395863386,1.0207451290469227
4,26.0,0.9969976354865262,4.012045623406152
5,26.0,1.361279435240165,2.9384121264524183
6,26.0,1.6871777791077396,2.370823068873863
7,26.0,1.977708288617933,2.022542972095895
8,26.0,2.2339834070383553,1.7905235944894033
9,26.0,2.457862714069994,1.6274301966102773
10,26.0,2.6521111810212115,1.508232395619167
11,26.0,2.819990992350074,1.4184442471096517
12,26.0,2.9648604011736595,1.3491360329871092
13,26.0,3.0899089540424867,1.2945365250218306
14,26.0,3.1980198167974256,1.2507739880129
15,26.0,3.291719540074703,1.215170354370234
16,26.0,3.37317927007635,1.185824908709777
17,26.0,3.444242272051934,1.1613584887618749
18,26.0,3.5064623067103127,1.1407508908181345
19,26.0,3.5611441882135235,1.1232344967213002
20,26.0,3.6093821142641396,1.1082229238606114
21,26.0,3.652093846833564,1.0952621065496653
22,26.0,3.6900501852726704,1.0839960973876095
23,26.0,3.723899866466821,1.0741427383747402
24,26.0,3.754190338950755,1.0654760784233293
25,26.0,3.7813849640072736,1.057813483174443
26,26.0,3.8058771978226833,1.0510060603869125
27,26.0,3.828002261316572,1.0449314621418935
28,26.0,3.8480467387693467,1.0394884136150722
29,26.0,3.866256478431615,1.0345925114680026
30,26.0,3.8828431052539876,1.0301729664501469
31,26.0,3.8979894006233833,1.026170055608746
32,26.0,3.9118537571476972,1.022533113026335
33,26.0,3.924573877616848,1.019218932993804
34,26.0,3.936269855356305,1.016190491756294
35,26.0,3.947046747230948,1.013415917307339
36,26.0,3.9569967295463706,1.01086765377705
37,26.0,3.9662009101355036,1.00852177956445
38,26.0,3.974730856246306,1.0063574477537223
39,26.0,3.982649886825351,1.0043564244077903
40,26.0,3.990014168901985,1.0025027056735398
41,26.0,3.996873650597064,1.0007821987073493
42,26.0,4.003272857470314,0.9991824545598467
43,26.0,4.009251574209458,0.9976924435800011
44,26.0,4.014845429835968,0.9963023657833386
45,26.0,4.020086401483243,0.99500349010513
46,26.0,4.025003249255333,0.9937880176221079
47,26.0,4.029621892587643,0.9926489647472555
48,26.0,4.03396573681744,0.9915800631355295
49,26.0,4.038055957260497,0.990575673625307
50,26.0,4.041911746924787,0.9896307120122861
51,26.0,4.0455505330268675,0.98874058483388
52,26.0,4.048988166675045,0.987901133651553
53,26.0,4.052239089416027,0.9871085865707013
54,26.0,4.055316479784486,0.9863595159440118
55,26.0,4.058232382528512,0.9856508013737177
56,26.0,4.060997822792318,0.9849795972679501
57,26.0,4.063622907208197,0.9843433043220274
58,26.0,4.066116913571676,0.983739544391605
59,26.0,4.0684883705388355,0.983166138304639
60,26.0,4.070745128585478,0.9826210862260343
4,27.0,0.9976609794698892,4.009378017495898
5,27.0,1.3640047422947355,2.9325411239191106
6,27.0,1.6939909218568137,2.361287742684907
7,27.0,1.9905903218769012,2.0094541584169128
8,27.0,2.2544603268723096,1.7742605413462023
9,27.0,2.486874388148056,1.608444728476515
10,27.0,2.6900594147406665,1.4869560047935289
11,27.0,2.866861311566598,1.3952541003157901
12,27.0,3.0203527126129135,1.3243486375932536
13,27.0,3.1535481777317336,1.2684125228354994
14,27.0,3.2692388275339592,1.2235263959033749
15,27.0,3.3699165274936203,1.1869730206566882
16,27.0,3.457754860442241,1.156820006461767
17,27.0,3.534621944063152,1.1316627529907433
18,27.0,3.6021087064232566,1.1104606568000643
19,27.0,3.6615628051054823,1.0924297118221267
20,27.0,3.7141227711051528,1.076970322876479
21,27.0,3.7607496731129086,1.0636177219126248
22,27.0,3.80225517672052,1.052007246775593
23,27.0,3.839325739086454,1.0418496037670868
24,27.0,3.8725431197901306,1.0329129660451082
25,27.0,3.902401584961743,1.0250098337942362
26,27.0,3.9293222446295717,1.017987263698473
27,27.0,3.9536649572444094,1.0117195167665105
28,27.0,3.975738197250544,1.0061024648872088
29,27.0,3.9958072315064204,1.0010492919829865
30,27.0,4.014100898822543,0.9964871588487776
31,27.0,4.0308172389400205,0.9923545928497307
32,27.0,4.046128174987868,0.9885994281463892
33,27.0,4.060183417318811,0.9851771678436749
34,27.0,4.073113726340602,0.9820496722525129
35,27.0,4.085033646902529,0.9791841012210497
36,27.0,4.0960438062309645,0.9765520558923562
37,27.0,4.10623285061416,0.9741288781033762
38,27.0,4.115679082364074,0.9718930752254796
39,27.0,4.124451847468147,0.9698258454527616
40,27.0,4.132612715311869,0.9679106840037244
41,27.0,4.140216484510166,0.9661330548692902
42,27.0,4.147312042910417,0.9644801159434728
43,27.0,4.153943104960059,0.9629404878520743
44,27.0,4.160148845656083,0.9615040587253731
45,27.0,4.165964447041065,0.9601618186734782
46,27.0,4.171421570543611,0.9589057189150816
47,27.0,4.176548766269303,0.9577285514549362
48,27.0,4.181371828542598,0.9566238459577956
49,27.0,4.1859141055087,0.9555857810689342
50,27.0,4.190196769369548,0.9546091079159119
51,27.0,4.19423905280284,0.9536890839178473
52,27.0,4.198058456259783,0.9528214153463119
53,27.0,4.2016709301252355,0.9520022073410627
54,27.0,4.205091035128277,0.9512279202958991
55,27.0,4.208332083891734,0.950495331704176
56,27.0,4.211406266089168,0.9498015026972247
57,27.0,4.214324759323869,0.949143748627893
58,27.0,4.217097827545328,0.9485196131502371
59,27.0,4.219734908565386,0.9479268453287528
60,27.0,4.222244692021289,0.9473633793793947
4,28.0,0.9981778976111989,4.007301714025773
5,28.0,1.3662400780946493,2.9277431281172612
6,28.0,1.6997793777550743,2.353246575613162
7,28.0,2.0018238969132858,1.9981777648712276
8,28.0,2.272681592326427,1.7600353756134428
9,28.0,2.51311071517216,1.5916529167820532
10,28.0,2.7248321922830803,1.4679803076785007
11,28.0,2.910279304622673,1.374438526792401
12,28.0,3.0722266341500166,1.3019872803448524
13,28.0,3.2134945831190547,1.2447508145844
14,28.0,3.336762016923767,1.1987669422369194
15,28.0,3.4444677576618448,1.1612824626104958
16,28.0,3.5387724413992707,1.1303354669559806
17,28.0,3.6215567867349687,1.104497384840462
18,28.0,3.694439472765019,1.0827082239369565
19,28.0,3.758803959203607,1.0641682948656614
20,28.0,3.8158279681942795,1.048265286941873
21,28.0,3.866512205853789,1.0345240845080261
22,28.0,3.911706652510151,1.0225715666672477
23,28.0,3.9521337685357327,1.0121114907206195
24,28.0,3.988408521939545,1.0029062915688531
25,28.0,4.021055427852027,0.9947637061388943
26,28.0,4.050522914951377,0.9875268166574529
27,28.0,4.077195370775655,0.9810665509607479
28,28.0,4.101403208877789,0.9752759717312615
29,28.0,4.123431270197434,0.9700658839424467
30,28.0,4.143525832376238,0.9653614245011408
31,28.0,4.16190046122429,0.9610993913158932
32,28.0,4.178740901696015,0.9572261344024776
33,28.0,4.194209173044955,0.9536958780470262
34,28.0,4.208447004684844,0.9504693763631095
35,28.0,4.221578725512424,0.9475128287497402
36,28.0,4.233713699614081,0.9447969994675396
37,28.0,4.244948384864233,0.942296498648224
38,28.0,4.255368077409604,0.9399891918244929
39,28.0,4.265048393942542,0.9378557124184151
40,28.0,4.27405653457965,0.935879057199555
41,28.0,4.282452361721717,0.9340442489807033
42,28.0,4.290289324178041,0.9323380540929703
43,28.0,4.297615250844791,0.9307487447169014
44,28.0,4.304473034129975,0.9292658981213677
45,28.0,4.310901219950652,0.9278802264102421
46,28.0,4.3169345183561,0.9265834315974777
47,28.0,4.322604246544321,0.9253680817987848
48,28.0,4.327938714149109,0.9242275050991374
49,28.0,4.332963559109025,0.9231556982728256
50,28.0,4.337702041129386,0.9221472480296363
51,28.0,4.342175298666019,0.921197262862432
52,28.0,4.346402574456625,0.9203013138975211
53,28.0,4.350401413870437,0.9194553834151377
54,28.0,4.354187839713796,0.9186558199250593
55,28.0,4.357776506597348,0.9178992988613112
56,28.0,4.361180837522534,0.9171827881075184
57,28.0,4.364413144966726,0.9165035176866823
58,28.0,4.367484738426355,0.9158589530506835
59,28.0,4.3704060201058565,0.9152467714894634
60,28.0,4.3731865702094925,0.914664841250618
4,29.0,0.9985806592017991,4.005685432759475
5,29.0,1.3680729331556065,2.9238207284560276
6,29.0,1.7046945078359501,2.3464614812878466
7,29.0,2.0116123692398413,1.9884546651060517
8,29.0,2.2888803547925267,1.7475793313637733
9,29.0,2.53681199401041,1.57678220122117
10,29.0,2.7566592121922993,1.4510317351918536
11,29.0,2.9504526355821348,1.355724186777459
12,29.0,3.1206619363269494,1.281779340926637
13,29.0,3.2698982846059943,1.2232796410919489
14,29.0,3.4007107179702145,1.176224716457942
15,29.0,3.5154681436934467,1.137828544165811
16,29.0,3.6163035536492054,1.1061018359378618
17,29.0,3.7050981936156773,1.079593519786459
18,29.0,3.7834889601750854,1.057225233667629
19,29.0,3.852887804255065,1.038182320176172
20,29.0,3.9145061642354184,1.0218402608598984
21,29.0,3.969380370921926,1.0077139568942248
22,29.0,4.018395842272771,0.9954220930453765
23,29.0,4.062309030732009,0.9846616714138114
24,29.0,4.101766752452947,0.9751895320736881
25,29.0,4.137322894442868,0.9668087558195382
26,29.0,4.169452681405333,0.9593585311182334
27,29.0,4.19856476426745,0.952706513912238
28,29.0,4.225011413585823,0.9467430045603469
29,29.0,4.249097091161855,0.9413764652071664
30,29.0,4.2710856485932975,0.9365300368812363
31,29.0,4.291206371383902,0.9321388098866965
32,29.0,4.309659056624848,0.9281476672385865
33,29.0,4.326618283659699,0.9245095679243913
34,29.0,4.342237011638075,0.9211841705736442
35,29.0,4.35664961575591,0.9181367226627362
36,29.0,4.369974455167464,0.9153371583831637
37,29.0,4.382316049737458,0.9127593616256038
38,29.0,4.393766929610368,0.9103805604806429
39,29.0,4.404409210629924,0.9081808271461486
40,29.0,4.414315939592421,0.9061426628129668
41,29.0,4.423552245848601,0.904250651442832
42,29.0,4.432176329610056,0.9024911696940363
43,29.0,4.4402403122375675,0.9008521428391524
44,29.0,4.447790969599201,0.8993228385371823
45,29.0,4.454870366126138,0.8978936919051848
46,29.0,4.461516404333465,0.8965561565827271
47,29.0,4.467763302203911,0.895302577472453
48,29.0,4.4736420088669675,0.894126081629199
49,29.0,4.479180567371977,0.8930204844023241
50,29.0,4.4844044319930365,0.8919802084448148
51,29.0,4.489336746367697,0.8910002136142677
52,29.0,4.493998587821453,0.8900759361250872
53,29.0,4.498409182433574,0.8892032355838422
54,29.0,4.502586094730738,0.8883783487629694
55,29.0,4.506545395331541,0.8875978491515284
56,29.0,4.5103018093894995,0.8868586114731483
57,29.0,4.513868848280064,0.886157780486718
58,29.0,4.517258926636349,0.8854927434895764
59,29.0,4.520483466548717,0.8848611060298616
60,29.0,4.523552990496957,0.8842606704073473
4,30.0,0.998894442726153,4.004427123534013
5,30.0,1.3695753728533129,2.920613263997714
6,30.0,1.708866091872186,2.340733436648457
7,30.0,2.0201358795059954,1.9800648266185743
8,30.0,2.3032690062442005,1.7366621046677282
9,30.0,2.5582026248513996,1.5635978014964125
10,30.0,2.7857598789457367,1.4358739352344285
11,30.0,2.987583907754366,1.338874529889479
12,30.0,3.165837643550903,1.2634886719943965
13,30.0,3.322911899442911,1.203763482465666
14,30.0,3.461211025070005,1.1556648730827088
15,30.0,3.583018797312321,1.116377062548615
16,30.0,3.6904267405517395,1.0838854910860465
17,30.0,3.785304902656008,1.0567180459342518
18,30.0,3.8692988871975627,1.0337790169776988
19,30.0,3.943841664036175,1.0142395006564113
20,30.0,4.010172660179503,0.9974632862368955
21,30.0,4.069359532221754,0.9829556637420321
22,30.0,4.122319972834585,0.9703273948551655
23,30.0,4.169842148139523,0.9592689262313437
24,30.0,4.212603121951547,0.9495316516185233
25,30.0,4.251185065611158,0.9409141070702725
26,30.0,4.286089296056047,0.9332516715600632
27,30.0,4.317748307792783,0.9264087933936995
28,30.0,4.3465360162922675,0.9202730599738884
29,30.0,4.372776442027756,0.9147506288121853
30,30.0,4.396751054721025,0.9097626748062043
31,30.0,4.418704977509283,0.9052426039664461
32,30.0,4.438852227095527,0.90113385067953
33,30.0,4.457380142017678,0.8973881231923287
34,30.0,4.47445312876905,0.8939639962438102
35,30.0,4.490215835427021,0.8908257746633684
36,30.0,4.504795844938609,0.8879425700266138
37,30.0,4.518305965210171,0.8852875459959999
38,30.0,4.53084618044597,0.8828372980886059
39,30.0,4.542505317509833,0.8805713412335133
40,30.0,4.553362472168002,0.8784716842662147
41,30.0,4.563488232646607,0.8765224749314603
42,30.0,4.572945731767277,0.8747097023725549
43,30.0,4.5817915538022955,0.8730209467256353
44,30.0,4.590076517939967,0.8714451674969474
45,30.0,4.597846356721722,0.8699725240170948
46,30.0,4.605142304880681,0.8685942225413248
47,30.0,4.6120016115728095,0.867302385576552
48,30.0,4.618457986960851,0.8660899398225719
49,30.0,4.624541992417085,0.8649505197614912
50,30.0,4.630281382195365,0.8638783844500334
51,30.0,4.635701403237834,0.862868345490539
52,30.0,4.640825058787742,0.8619157044986445
53,30.0,4.645673340644552,0.8610161986647624
54,30.0,4.6502654341939715,0.8601659532351659
55,30.0,4.6546188997521,0.859361439926486
56,30.0,4.65874983326084,0.85859944044264
57,30.0,4.662673008946495,0.8578770143917465
58,30.0,4.666402006192301,0.8571914710074299
59,30.0,4.669949322568388,0.8565403441680332
60,30.0,4.673326474700735,0.8559213702817857
4,31.0,0.999138885837351,4.003447425277327
5,31.0,1.3708066917378738,2.917989840660102
6,31.0,1.7124051840492036,2.3358957548478583
7,31.0,2.0275535340491944,1.972820905996827
8,31.0,2.3160402759834775,1.7270856821785838
9,31.0,2.5774911536583476,1.55189669393147
10,31.0,2.8123425594452596,1.4223018410634187
11,31.0,3.021869446816811,1.323683921624588
12,31.0,3.2079306100534266,1.246909764028026
13,31.0,3.3726891034235686,1.1859972494765845
14,31.0,3.5183924422673805,1.1368828422739148
15,31.0,3.6472258265110176,1.096723973307255
16,31.0,3.7612265148991746,1.0634828782991355
17,31.0,3.8622421297125915,1.0356678493115758
18,31.0,3.9519176227122528,1.0121668470545566
19,31.0,4.0316994523638225,0.9921374465685341
20,31.0,4.102849133036029,0.974932265432845
21,31.0,4.166461120389413,0.9600473601986103
22,31.0,4.223481974905679,0.9470858461730098
23,31.0,4.274729059920767,0.9357318192405254
24,31.0,4.320907866022696,0.9257313796144223
25,31.0,4.362627563890507,0.9168786336720609
26,31.0,4.400414685844773,0.9090052382715601
27,31.0,4.434725000751998,0.9019725009604245
28,31.0,4.465953729283852,0.8956653477557255
29,31.0,4.4944442802096,0.8899876715822714
30,31.0,4.5204956943386785,0.8848587125101058
31,31.0,4.544368973799573,0.8802102168776091
32,31.0,4.566292458263928,0.875984189922161
33,31.0,4.586466390997821,0.872131104645415
34,31.0,4.605066798756378,0.8686084642855171
35,31.0,4.6222487918415665,0.8653796409791144
36,31.0,4.638149374714117,0.8624129317194639
37,31.0,4.652889843578803,0.8596807864514951
38,31.0,4.666577835314948,0.8571591734160027
39,31.0,4.679309081854928,0.8548270545989147
40,31.0,4.691168915429064,0.8526659500245584
41,31.0,4.702233562789923,0.8506595741336859
42,31.0,4.71257126040563,0.8487935309556898
43,31.0,4.722243217490033,0.8470550574745873
44,31.0,4.73130444945902,0.8454328066876698
45,31.0,4.739804500829596,0.8439166635037142
46,31.0,4.747788073594717,0.8424975879286583
47,31.0,4.7552955746138466,0.8411674810192676
48,31.0,4.7623635934741175,0.8399190699091545
49,31.0,4.769025320531073,0.8387458088720243
50,31.0,4.775310913374105,0.8376417939190703
51,31.0,4.781247818732266,0.8366016888579912
52,31.0,4.786861055802051,0.835620661090985
53,31.0,4.7921734661073545,0.8346943257146259
54,31.0,4.797205934266088,0.8338186967184992
55,31.0,4.801977583415854,0.8329901442718995
56,31.0,4.806505948523722,0.8322053572467889
57,31.0,4.810807130357624,0.8314613102568196
58,31.0,4.814895932515964,0.8307552346016853
59,31.0,4.818785983587588,0.8300845925973244
60,31.0,4.822489846237001,0.8294470548488989
4,32.0,0.9993292997390673,4.002684601606729
5,32.0,1.3718156328383535,2.9158437214509685
6,32.0,1.7154066553321305,2.3318086050129816
7,32.0,2.0340055049010393,1.9665630158629352
8,32.0,2.327368458320752,1.7186793030984397
9,32.0,2.5948705736658,1.5415027017510008
10,32.0,2.8366041366289116,1.4101368422714409
11,32.0,3.0534983626667693,1.3099728655189469
12,32.0,3.247114327341458,1.2318630010403604
13,32.0,3.419383363134613,1.1698015622129965
14,32.0,3.5723866571608416,1.119699624894189
15,32.0,3.7081992168832123,1.0786906975731605
16,32.0,3.8287923772086687,1.0447158283667886
17,32.0,3.9359807302276386,1.0162651380075884
18,32.0,4.031399484140998,0.9922112694947451
19,32.0,4.116501094313418,0.9716990007668518
20,32.0,4.192563164078556,0.9540703010205268
21,32.0,4.260702251852415,0.9388123749461559
22,32.0,4.3218901780120484,0.9255209723630439
23,32.0,4.376970779470965,0.9138740470374973
24,32.0,4.426675953952465,0.9036125620237694
25,32.0,4.4716404037973625,0.894526312223845
26,32.0,4.512414836532866,0.8864433224568994
27,32.0,4.549477582874938,0.8792218286901178
28,32.0,4.58324470492201,0.8727441490750744
29,32.0,4.614078722966852,0.8669119536452123
30,32.0,4.642296111247727,0.8616425803404656
31,32.0,4.66817371544181,0.8568661416280281
32,32.0,4.691954236698319,0.8525232340745846
33,32.0,4.713850913936808,0.8485631117805909
34,32.0,4.734051521196987,0.844942219595577
35,32.0,4.752721781831916,0.8416230075344779
36,32.0,4.770008287247563,0.8385729665698587
37,32.0,4.786040995157274,0.8357638398934266
38,32.0,4.800935371090828,0.8331709741577199
39,32.0,4.814794227157866,0.8307727830688971
40,32.0,4.827709303712004,0.828550301677116
41,32.0,4.839762632452914,0.8264868142867368
42,32.0,4.85102771348602,0.8245675424363925
43,32.0,4.861570533783821,0.8227793821365685
44,32.0,4.871450450221961,0.8211106816898333
45,32.0,4.880720956773807,0.8195510530977026
46,32.0,4.889430352432971,0.8180912113840845
47,32.0,4.897622323901662,0.8167228372181674
48,32.0,4.905336454955897,0.8154384590599837
49,32.0,4.912608672610377,0.814231351725915
50,32.0,4.919471638700967,0.8130954488145474
51,32.0,4.925955094234493,0.8120252668729638
52,32.0,4.932086162785592,0.8110158395409784
53,32.0,4.937889618316092,0.8100626602026133
54,32.0,4.9433881220269935,0.8091616319132625
55,32.0,4.948602432204241,0.8083090235677495
56,32.0,4.953551590468307,0.8075014314369624
57,32.0,4.958253087368755,0.8067357453354039
58,32.0,4.962723009865194,0.8060091187939692
59,32.0,4.966976172894874,0.805318942705679
60,32.0,4.97102623693512,0.8046628219902929
4,33.0,0.9994776193618088,4.002090614649379
5,33.0,1.3726422358744341,2.914087804861856
6,33.0,1.7179514369334086,2.3283545238857926
7,33.0,2.039615013336888,1.9611544207334732
8,33.0,2.337410709174931,1.7112953167789398
9,33.0,2.610518820643025,1.5322624638326556
10,33.0,2.8587298099309795,1.399222824802941
11,33.0,3.0826518567412116,1.2975840885997916
12,33.0,3.28355794495685,1.218190775693031
13,33.0,3.4631468376019487,1.1550188853008019
14,33.0,3.623326440321992,1.1039579419304364
15,33.0,3.766051800383107,1.0621202819337467
16,33.0,3.8932178910531103,1.0274277248114683
17,33.0,4.006596395069132,0.9983536162820766
18,33.0,4.1078040533552675,0.9737562814693624
19,33.0,4.198291953765509,0.9527684220275205
20,33.0,4.279347765841303,0.9347218826029708
21,33.0,4.352105341930395,0.9190953999807787
22,33.0,4.41755799668546,0.9054776423990906
23,33.0,4.476573141777575,0.8935406332737065
24,33.0,4.529906886751976,0.8830203578131539
25,33.0,4.578217831501754,0.8737024202904548
26,33.0,4.62207966640013,0.8654113058841688
27,33.0,4.661992435595006,0.8580022501665607
28,33.0,4.698392459441994,0.8513550186642053
29,33.0,4.731660989315074,0.8453691016817786
30,33.0,4.762131705968356,0.8399599689749907
31,33.0,4.790097186818918,0.8350561260024
32,33.0,4.815814467962548,0.8305967820417925
33,33.0,4.839509819691688,0.8265299894059991
34,33.0,4.861382843611984,0.8228111483250349
35,33.0,4.8816099874526735,0.8194017978251646
36,33.0,4.900347561659519,0.8162686319019761
37,33.0,4.917734330559066,0.8133826943728507
38,33.0,4.933893740630725,0.8107187163476811
39,33.0,4.948935839337979,0.8082545682255362
40,33.0,4.962958930046361,0.8059708041877014
41,33.0,4.976051001720566,0.8038502818031653
42,33.0,4.988290966241815,0.8018778429466005
43,33.0,4.999749731204276,0.8000400450117192
44,33.0,5.010491131822586,0.7983249335769175
45,33.0,5.0205727420051485,0.796721849388533
46,33.0,5.030046581624854,0.79522126387702
47,33.0,5.038959734465893,0.7938146384938284
48,33.0,5.047354889170051,0.7924943040131125
49,33.0,5.055270813685595,0.7912533566295257
50,33.0,5.062742772183907,0.7900855682372594
51,33.0,5.069802892108217,0.7889853087240336
52,33.0,5.07648048791767,0.7879474784784934
53,33.0,5.082802347156506,0.7869674496073484
54,33.0,5.088792983685871,0.7860410146027897
55,33.0,5.094474862242297,0.7851643414017021
56,33.0,5.099868597913605,0.7843339339441865
57,33.0,5.104993133634009,0.7835465974765347
58,33.0,5.109865898382706,0.7827994079582434
59,33.0,5.114502948412965,0.7820896850281812
60,33.0,5.118919093532592,0.7814149680649826
4,34.0,0.9995931460438898,4.0016280782145035
5,34.0,1.3733193715081704,2.9126509703327246
6,34.0,1.7201084859470224,2.3254347226813206
7,34.0,2.0444901756080336,1.9564779756451487
8,34.0,2.3463083640851745,1.7048057541062382
9,34.0,2.6245994086270175,1.5240421021402588
10,34.0,2.8788930971195628,1.3894229014624215
11,34.0,3.1095027424800215,1.2863793124715985
12,34.0,3.3174254851067406,1.205754286858171
13,34.0,3.504129440029153,1.1415103432842142
14,34.0,3.6713446678305,1.0895190623341042
15,34.0,3.8208983132794065,1.0468742353331235
16,34.0,3.9545998193631773,1.011480347623172
17,34.0,4.074168885320867,0.9817953336229887
18,34.0,4.181195515151203,0.9566641850411889
19,34.0,4.277122271806507,0.9352082418514867
20,34.0,4.363240911903345,0.9167497465215848
21,34.0,4.440697715391484,0.9007593527782756
22,34.0,4.5105036107641725,0.8868189331351222
23,34.0,4.573546542952054,0.8745947947472179
24,34.0,4.630604486387537,0.8638181066335274
25,34.0,4.682358155384713,0.8542704054793414
26,34.0,4.729402890935804,0.8457727311974732
27,34.0,4.772259474784577,0.8381773918905704
28,34.0,4.811383788633865,0.8313616572116672
29,34.0,4.8471753344162165,0.8252228822008874
30,34.0,4.879984685339381,0.8196747034917832
31,34.0,4.910119963440267,0.8146440473518303
32,34.0,4.937852448516121,0.8100687579682629
33,34.0,4.963421422577447,0.8058957036782999
34,34.0,4.987038347843533,0.8020792544596449
35,34.0,5.008890467549419,0.7985800499959795
36,34.0,5.029143909128976,0.795363996790615
37,34.0,5.047946359657117,0.792401447045428
38,34.0,5.065429374308822,0.7896665227014048
39,34.0,5.081710370283654,0.7871365561073339
40,34.0,5.096894351247644,0.7847916249276109
41,34.0,5.111075400860016,0.7826141636116226
42,34.0,5.124337978328229,0.7805886373843292
43,34.0,5.136758044093735,0.778701267543488
44,34.0,5.148404039605916,0.7769397990578415
45,34.0,5.159337741605754,0.7752933031972955
46,34.0,5.169615008332066,0.7737520092991542
47,34.0,5.179286432506925,0.7723071608657651
48,34.0,5.188397913787165,0.7709508920606827
49,34.0,5.196991161527602,0.7696761213702433
50,34.0,5.20510413713915,0.7684764597617629
51,34.0,5.2127714439984105,0.767346131126715
52,34.0,5.220024671738152,0.7662799031691337
53,34.0,5.226892700789672,0.7652730272032723
54,34.0,5.233401972231995,0.7643211855736812
55,34.0,5.239576727307351,0.7634204456159617
56,34.0,5.245439220368733,0.7625672192459064
57,34.0,5.251009908517975,0.7617582274052391
58,34.0,5.256307620758434,0.7609904687090667
59,34.0,5.261349709114084,0.7602611917377238
60,34.0,5.266152183847165,0.7595678704973955
4,35.0,0.9996831275617951,4.001267891512694
5,35.0,1.3738740116859802,2.9114751177885014
6,35.0,1.7219364975972535,2.322966035960965
7,35.0,2.048725700275644,1.9524331634351166
8,35.0,2.3541882421881986,1.6990994723013453
9,35.0,2.6372621619993626,1.5167244491793406
10,35.0,2.897255997132591,1.3806166952312093
11,35.0,3.134215148295193,1.2762365730303284
12,35.0,3.348875231262468,1.1944308831392532
13,35.0,3.5424780488155085,1.1291530800981173
14,35.0,3.716573462720305,1.0762601735503552
15,35.0,3.872854543365448,1.0328299075554912
16,35.0,4.013037324201693,0.9967512576763072
17,35.0,4.138781309693104,0.9664680737375334
18,35.0,4.251642022326171,0.9408129797841043
19,35.0,4.353046619912737,0.9188966600316781
20,35.0,4.444285073043092,0.9000322738660683
21,35.0,4.526511217600443,0.8836827763613602
22,35.0,4.6007496424765755,0.8694235311284635
23,35.0,4.667905674168446,0.8569153447413163
24,35.0,4.728776678058706,0.8458847334787041
25,35.0,4.784063568989895,0.8361092912577159
26,35.0,4.83438187974609,0.8274067087579947
27,35.0,4.880272035840303,0.8196264410312253
28,35.0,4.922208676200839,0.8126433199267291
29,35.0,4.960608977086311,0.8063526108339748
30,35.0,4.995840005732575,0.8006661533215879
31,35.0,5.028225168003151,0.7955093231412531
32,35.0,5.058049832256938,0.7908186223256665
33,35.0,5.085566217439071,0.7865397536823878
34,35.0,5.110997632049222,0.7826260718489563
35,35.0,5.134542145354443,0.7790373292814555
36,35.0,5.156375765006047,0.7757386548796855
37,35.0,5.176655187324147,0.7726997173376794
38,35.0,5.195520178655594,0.7698940361030511
39,35.0,5.213095638793786,0.7672984109928063
40,35.0,5.2294933906729515,0.7648924477338835
41,35.0,5.244813734491512,0.7626581614700189
42,35.0,5.259146799083013,0.7605796439638158
43,35.0,5.272573718701278,0.7586427830894826
44,35.0,5.285167659361608,0.7568350254536972
45,35.0,5.296994715415544,0.7551451747457905
46,35.0,5.3081146940661235,0.753563219813534
47,35.0,5.318581802989975,0.7520801875701713
48,35.0,5.328445254063165,0.7506880167249219
49,35.0,5.337749794337143,0.7493794490411725
50,35.0,5.346536173833433,0.7481479354009541
51,35.0,5.35484155838033,0.7469875544197938
52,35.0,5.362699894567577,0.7458929417348165
53,35.0,5.370142232915893,0.744859228398513
54,35.0,5.377197014521963,0.7438819870645196
55,35.0,5.383890325724672,0.742957184860856
56,35.0,5.3902461247266364,0.7420811420188829
57,35.0,5.396286443580818,0.741250495469569
58,35.0,5.402031568502322,0.7404621667379434
59,35.0,5.407500201079115,0.7397133335661762
60,35.0,5.412709602622967,0.739001404779156
4,36.0,0.9997532108480277,4.000987400287569
5,36.0,1.3743282792730878,2.910512764909187
6,36.0,1.723485389698352,2.320878392070436
7,36.0,2.052404434342231,1.9489336180868015
8,36.0,2.3611639105575084,1.6940797638464398
9,36.0,2.6486440079897897,1.5102067276439437
10,36.0,2.913969278635502,1.3726980683451282
11,36.0,3.1569443745982104,1.2670479822784608
12,36.0,3.3780592709848833,1.1841118462180766
13,36.0,3.578335856084968,1.1178380568157098
14,36.0,3.759143449734612,1.0640721891797962
15,36.0,3.922036565054814,1.019878303950513
16,36.0,4.068631231245127,0.9831316166680155
17,36.0,4.200519447195205,0.9522631784673448
18,36.0,4.319215090599023,0.9260941898230978
19,36.0,4.426123371262038,0.9037253742114885
20,36.0,4.5225267629275985,0.8844613221062848
21,36.0,4.609581829104322,0.8677576726688095
22,36.0,4.688322832783949,0.8531835674858552
23,36.0,4.759669252115639,0.8403945291412903
24,36.0,4.824435267288809,0.8291125859064293
25,36.0,4.8833399678305005,0.8191115151413597
26,36.0,4.937017506878088,0.8102057556869777
27,36.0,4.986026752097629,0.8022419852274546
28,36.0,5.030860195590666,0.7950926570183423
29,36.0,5.07195202106493,0.788650993421689
30,36.0,5.109685310401737,0.7828270738820723
31,36.0,5.144398421004594,0.7775447530789972
32,36.0,5.176390592044211,0.7727392144919957
33,36.0,5.205926850129253,0.7683550144198987
34,36.0,5.2332422885114225,0.7643445075687076
35,36.0,5.258545792283727,0.760666571710664
36,36.0,5.2820232774853,0.7572855684014225
37,36.0,5.30384050606464,0.7541704912555774
38,36.0,5.32414553219129,0.7512942641809599
39,36.0,5.343070828988628,0.7486331602227977
40,36.0,5.3607351386950475,0.7461663179602102
41,36.0,5.377245083702545,0.7438753372285885
42,36.0,5.392696570932672,0.7417439396758413
43,36.0,5.407176017595183,0.7397576825655071
44,36.0,5.420761422508128,0.7379037165131763
45,36.0,5.433523303796009,0.7361705796320943
46,36.0,5.445525520874684,0.7345480219799801
47,36.0,5.4568259961258425,0.733026855325763
48,36.0,5.467477349510306,0.7315988241557616
49,36.0,5.477527457521706,0.7302564945625649
50,36.0,5.487019946298684,0.7289931582439816
51,36.0,5.4959946273574305,0.727802749312961
52,36.0,5.504487883244894,0.7266797720048755
53,36.0,5.512533009418053,0.7256192376836709
54,36.0,5.520160517801975,0.7246166098069781
55,36.0,5.527398406748301,0.7236677557232843
56,36.0,5.534272401488159,0.7227689043503542
57,36.0,5.540806168634503,0.7219166089301722
58,36.0,5.547021507825071,0.7211077141772897
59,36.0,5.55293852319802,0.7203393272390022
60,36.0,5.558575777048002,0.7196087919708605
4,37.0,0.9998077951690012,4.000768967123191
5,37.0,1.3747003138593448,2.9097250940245787
6,37.0,1.7247975846039072,2.3191127096334516
7,37.0,2.055598760808052,1.9459050454124656
8,37.0,2.3673368911899852,1.6896623437441245
9,37.0,2.658869800878403,1.5043985977344705
10,37.0,2.9291728639387835,1.3655732132590164
11,37.0,3.1778368789277613,1.25871784877443
12,37.0,3.40512317387041,1.1747005308631544
13,37.0,3.6118418414645626,1.10746820474787
14,37.0,3.799183116759432,1.0528579110479563
15,37.0,3.9685600598205437,1.0079222538415804
16,37.0,4.1214833591082956,0.9705243601578973
17,37.0,4.259471116779813,0.9390837243249169
18,37.0,4.383989025874769,0.9124110430914802
19,37.0,4.496414192952861,0.8895977613159212
20,37.0,4.598016096086133,0.8699404083001865
21,37.0,4.689949286204857,0.8528876872433798
22,37.0,4.773253719252394,0.8380028038037115
23,37.0,4.848859747930876,0.824936213448305
24,37.0,4.917595713501436,0.8134056219826806
25,37.0,4.980196761455827,0.803181117452618
26,37.0,5.037313995726992,0.7940739853408155
27,37.0,5.0895234275370616,0.7859282026992639
28,37.0,5.137334406089765,0.778613904373915
29,37.0,5.18119737069162,0.772022317201565
30,37.0,5.221510861492162,0.7660617982238405
31,37.0,5.258627786330599,0.760654711177257
32,37.0,5.292860976547932,0.7557349451881595
33,37.0,5.3244880836722706,0.7512459295882623
34,37.0,5.353755877488525,0.7471390350126351
35,37.0,5.380884008118391,0.7433722774854491
36,37.0,5.4060682929875,0.7399092618176158
37,37.0,5.429483585657485,0.7367183152678449
38,37.0,5.4512862785493565,0.7337717734142631
39,37.0,5.471616486266714,0.7310453885135508
40,37.0,5.490599950956205,0.7285178369812552
41,37.0,5.508349706154054,0.7261703075117233
42,37.0,5.5249675309830355,0.723986155134616
43,37.0,5.540545222433479,0.7219506094461853
44,37.0,5.555165709791717,0.7200505275566252
45,37.0,5.568904032049983,0.718274184108637
46,37.0,5.581828196310987,0.7166110921585849
47,37.0,5.593999932749173,0.7150518498548137
48,37.0,5.60547535956864,0.713588008762171
49,37.0,5.616305569565438,0.7122119604168012
50,37.0,5.62653714832308,0.7109168382887423
51,37.0,5.636212632710709,0.7096964328111623
52,37.0,5.6453709171842155,0.7085451175270359
53,37.0,5.654047614384842,0.7074577847245807
54,37.0,5.662275375664942,0.7064297891958787
55,37.0,5.670084176426226,0.7054568989699098
56,37.0,5.677501570515223,0.7045352520504908
57,37.0,5.684552917368597,0.7036613183384026
58,37.0,5.691261585125029,0.7028318660408447
59,37.0,5.697649132509517,0.7020439319748369
60,37.0,5.7037354719409725,0.7012947952578884
4,38.0,0.999850307544979,4.000598859464827
5,38.0,1.3750049849504058,2.909080362457212
6,38.0,1.725909112693492,2.317619143778383
7,38.0,2.058371853914687,1.9432834705705158
8,38.0,2.372797799139413,1.6857736472322904
9,38.0,2.6680531553494697,1.499220505401088
10,38.0,2.942996282510054,1.3591590393000557
11,38.0,3.1970303658500283,1.2511610908445274
12,38.0,3.430205786495352,1.1661107959609642
13,38.0,3.6431303587374324,1.0979568684405365
14,38.0,3.8368182756025098,1.042530480381395
15,38.0,4.012539718507544,0.9968748674437524
16,38.0,4.171695912713872,0.9588426586437897
17,38.0,4.315725594838579,0.9268429866773334
18,38.0,4.446040385670404,0.8996769379090678
19,38.0,4.563983561374402,0.8764273460256364
20,38.0,4.67080636051217,0.8563831791051569
21,38.0,4.7676567097694775,0.8389865805152329
22,38.0,4.8555763175115105,0.8237951045222177
23,38.0,4.935503116434069,0.8104543560474994
24,38.0,5.008276901656239,0.7986778843392622
25,38.0,5.074646682116214,0.788232216066702
26,38.0,5.135278759652511,0.778925582663144
27,38.0,5.190764904721057,0.7705993381364579
28,38.0,5.241630243957919,0.7631213599263017
29,38.0,5.288340641630656,0.7563809276035219
30,38.0,5.3313094672372765,0.750284714211653
31,38.0,5.370903712254409,0.7447536232819598
32,38.0,5.407449462777699,0.7397202743241691
33,38.0,5.441236760401866,0.7351269897148489
34,38.0,5.4725238973425565,0.7309241722895701
35,38.0,5.501541197761407,0.7270689896183294
36,38.0,5.528494338404802,0.723524300678612
37,38.0,5.55356725993509,0.7202577753684669
38,38.0,5.576924716991744,0.7172411683831452
39,38.0,5.598714510890396,0.7144497173805451
40,38.0,5.619069444468432,0.7118616417773073
41,38.0,5.63810903423237,0.7094577234518844
42,38.0,5.6559410108372665,0.7072209544504898
43,38.0,5.672662635127021,0.7051362397669596
44,38.0,5.688361853527618,0.703190145598669
45,38.0,5.703118313519148,0.7013706853175509
46,38.0,5.717004257203462,0.6996671368505585
47,38.0,5.730085308607509,0.6980698863228715
48,38.0,5.742421168288079,0.6965702937446634
49,38.0,5.754066226999794,0.6951605772680904
50,38.0,5.765070108624154,0.6938337131436219
51,38.0,5.775478151203461,0.6925833489936245
52,38.0,5.785331833753206,0.691403728419329
53,38.0,5.794669155515505,0.690289625283042
54,38.0,5.803524973443147,0.6892362862749702
55,38.0,5.811931302950041,0.6882393805944791
56,38.0,5.819917586312706,0.6872949557580004
57,38.0,5.827510932544785,0.6863993986971829
58,38.0,5.83473633208009,0.6855494014369619
59,38.0,5.84161684917868,0.6847419307485721
60,38.0,5.848173794605812,0.6839742012608252
4,39.0,0.9998834174686779,4.000466384497574
5,39.0,1.375254478788963,2.9085526073126227
6,39.0,1.7268505596886985,2.3163556206746025
7,39.0,2.0607788006214833,1.9410137559614318
8,39.0,2.37762740510461,1.6823493838489003
9,39.0,2.6762972716779134,1.494602278427832
10,39.0,2.955559172514666,1.353381802400761
11,39.0,3.214653960951712,1.2443018902152014
12,39.0,3.4534391274554963,1.1582656744111228
13,39.0,3.6723308231840464,1.0892264865538046
14,39.0,3.8721716143608287,1.0330120661917697
15,39.0,4.05408872134028,0.9866582294917319
16,39.0,4.219370939131542,0.9480086149579695
17,39.0,4.369373080703104,0.9154631399331856
18,39.0,4.505447475897022,0.8878141452983226
19,39.0,4.628898302468716,0.8641365047632807
20,39.0,4.740953606847716,0.8437121161072951
21,39.0,4.842750244239299,0.8259769342344686
22,39.0,4.935327808142351,0.8104831442808645
23,39.0,5.019628527328744,0.7968717163476334
24,39.0,5.096500913410022,0.7848522089881539
25,39.0,5.166705591292315,0.774187715812835
26,39.0,5.230922239382796,0.764683514100941
27,39.0,5.28975692887067,0.7561784130701021
28,39.0,5.343749409364328,0.7485380944305592
29,39.0,5.3933800672770875,0.7416499393893907
30,39.0,5.43907640486687,0.735418975990264
31,39.0,5.481218968276725,0.7297646788333992
32,39.0,5.520146704647412,0.7246184230271271
33,39.0,5.556161760366189,0.7199214444282797
34,39.0,5.589533751183622,0.7156231947169068
35,39.0,5.6205035447666365,0.7116800066293847
36,39.0,5.649286600370652,0.7080540045069688
37,39.0,5.6760759108308205,0.7047122101322479
38,39.0,5.701044590423744,0.7016258049829935
39,39.0,5.724348149287692,0.698769518499279
40,39.0,5.746126491631534,0.6961211184309057
41,39.0,5.76650567130491,0.6936609843123305
42,39.0,5.785599434688335,0.6913717489699451
43,39.0,5.8035105774331655,0.68923799597332
44,39.0,5.820332138414147,0.6872460032993702
45,39.0,5.836148451383805,0.6853835253370848
46,39.0,5.851036072245131,0.6836396068337927
47,39.0,5.865064597576649,0.6820044235578814
48,39.0,5.878297388033295,0.6804691453928434
49,39.0,5.890792208484382,0.6790258183337184
50,39.0,5.902601795211189,0.67766726246809
51,39.0,5.9137743591469025,0.6763869835197811
52,39.0,5.924354032977168,0.675179095937634
53,39.0,5.934381268908877,0.6740382558425436
54,39.0,5.943893193038324,0.6729596024176422
55,39.0,5.952923921490085,0.6719387065505709
56,39.0,5.9615048428394095,0.6709715257221592
57,39.0,5.969664870760028,0.6700543642897562
58,39.0,5.977430670344117,0.6691838384416966
59,39.0,5.984826861111608,0.6683568452065545
60,39.0,5.991876199352959,0.6675705349906839
4,40.0,0.9999092042625953,4.000363215928076
5,40.0,1.3754587807579703,2.9081205892594837
6,40.0,1.727647878079071,2.3152866106301135
7,40.0,2.0628675981471836,1.9390483439619202
8,40.0,2.381897619428395,1.6793333044095804
9,40.0,2.6836957397867454,1.4904819278499328
10,40.0,2.9669718125822406,1.3481759358268677
11,40.0,3.230828450821951,1.2380725442052998
12,40.0,3.4749483669629746,1.1510962401711622
13,40.0,3.6995674878454627,1.0812074690194398
14,40.0,3.9053623334310177,1.0242327493556378
15,40.0,4.093318290937432,0.9772022881425961
16,40.0,4.264609843682669,0.9379521566141283
17,40.0,4.420504209680297,0.904874152419208
18,40.0,4.562289883636518,0.8767527057731966
19,40.0,4.691227158161081,0.8526553639683404
20,40.0,4.808516255733372,0.8318574352807171
21,40.0,4.91527870850678,0.8137890518959333
22,40.0,5.012548230622881,0.7979973091456803
23,40.0,5.101268099878441,0.7841187566862673
24,40.0,5.1822927991568015,0.7718591278074505
25,40.0,5.256392285276109,0.7609782114635089
26,40.0,5.324257738230722,0.751278431034261
27,40.0,5.3865080089561035,0.74259612969093
28,40.0,5.443696249863967,0.7347948556277284
29,40.0,5.4963164014646,0.7277601411254494
30,40.0,5.544809339745299,0.7213954087344219
31,40.0,5.589568578239331,0.7156187358667254
32,40.0,5.630945477933844,0.7103602788687834
33,40.0,5.669253956296085,0.7055602078925628
34,40.0,5.704774710276012,0.7011670404432973
35,40.0,5.737758981842124,0.6971362883415831
36,40.0,5.768431901720797,0.6934293527512648
37,40.0,5.796995449831637,0.6900126168144867
38,40.0,5.823631071020874,0.6868566966586374
39,40.0,5.848501983162884,0.6839358200639252
40,40.0,5.871755212244728,0.6812273086007667
41,40.0,5.893523386141688,0.6787111440680444
42,40.0,5.913926315736685,0.6763696039560358
43,40.0,5.93307238902136,0.6741869536939505
44,40.0,5.951059800953313,0.6721491858238815
45,40.0,5.967977639192242,0.6702437981221048
46,40.0,5.983906843424841,0.6684596041790369
47,40.0,5.998921053820062,0.6667865711372937
48,40.0,6.013087362225631,0.6652156802390902
49,40.0,6.026466978009281,0.6637388066003006
50,40.0,6.039115818945757,0.6623486152478322
51,40.0,6.051085036233553,0.6610384709598738
52,40.0,6.062421481573979,0.659802359858603
53,40.0,6.073168123240616,0.6586348210405902
54,40.0,6.083364417191937,0.657530886805954
55,40.0,6.093046638518023,0.6564860302748146
56,40.0,6.10224817784934,0.6554961193678867
57,40.0,6.110999806778988,0.6545573762844442
58,40.0,6.119329915848024,0.6536663417412224
59,40.0,6.127264728207006,0.6528198433447647
60,40.0,6.1348284916868,0.6520149675610868
4,41.0,0.9999292874985167,4.000282870008379
5,41.0,1.3756260716515454,2.9077669305857885
6,41.0,1.7283230808499896,2.3143820992269566
7,41.0,2.064680037976323,1.9373461875093068
8,41.0,2.385672397171365,1.6766761457871184
9,41.0,2.690333312794295,1.4868046204451257
10,41.0,2.9773356693146664,1.343483048023515
11,41.0,3.2456665733607006,1.232412482794938
12,41.0,3.4948518768992205,1.1445406388865236
13,41.0,3.7249592975335832,1.073837236999752
14,41.0,3.936505857220781,1.016129568983811
15,41.0,4.130337313307392,0.968443905807048
16,41.0,4.307512963613334,0.9286100898102978
17,41.0,4.4692096126248435,0.8950128426960783
18,41.0,4.6166480460600345,0.8664294873883016
19,41.0,4.75104037981093,0.8419208594811358
20,41.0,4.873554724559893,0.8207561474260906
21,41.0,4.985293260061208,0.8023600200303742
22,41.0,5.087280185748552,0.7862747586039301
23,41.0,5.180456642409669,0.7721327049152593
24,41.0,5.26568035218487,0.7596359316304291
25,41.0,5.343728300908178,0.7485410512581996
26,41.0,5.415301256089377,0.7386477336790997
27,41.0,5.481029276635754,0.7297899350859138
28,41.0,5.541477641127315,0.7218291327773491
29,41.0,5.597152818079661,0.7146490599790999
30,41.0,5.648508241249058,0.708151573682661
31,41.0,5.695949750139364,0.7022533862596192
32,41.0,5.739840621986156,0.6968834613069589
33,41.0,5.780506165434413,0.6919809244247029
34,41.0,5.81823787445349,0.6874933762270286
35,41.0,5.853297158533212,0.6833755218063057
36,41.0,5.8859186753158035,0.6795880508466903
37,41.0,5.916313296977083,0.6760967175358655
38,41.0,5.944670743584572,0.6728715807039034
39,41.0,5.9711619165123055,0.669886373192901
40,41.0,5.99594096359148,0.6671179760255777
41,41.0,6.01914710556824,0.6645459780007119
42,41.0,6.0409062509871205,0.6621523052681667
43,41.0,6.061332424055103,0.6599209084995131
44,41.0,6.0805290275143875,0.6578374976749563
45,41.0,6.098589960149513,0.6558893164055148
46,41.0,6.115600606324675,0.6540649492158223
47,41.0,6.13163871291216,0.6523541564144506
48,41.0,6.146775167138039,0.6507477321417003
49,41.0,6.161074687231725,0.6492373819602677
50,41.0,6.174596436310726,0.6478156169814345
51,41.0,6.187394568646518,0.6464756620289359
52,41.0,6.199518716326374,0.6452113757582565
53,41.0,6.211014423333617,0.6440171809894291
54,41.0,6.221923533199444,0.642888003791187
55,41.0,6.232284535619635,0.6418192200851283
56,41.0,6.242132876765277,0.6408066087296802
57,41.0,6.251501237437047,0.6398463102024268
58,41.0,6.260419782706347,0.6389347901317284
59,41.0,6.268916386244997,0.6380688070392259
60,41.0,6.2770168321593385,0.6372453837476761
4,42.0,0.9999449286177711,4.000220297661013
5,42.0,1.3757630529952383,2.90747741138375
6,42.0,1.7288948336548808,2.313616723316829
7,42.0,2.066252486791512,1.935871838301437
8,42.0,2.389008565879733,1.6743347249267952
9,42.0,2.6962866435723667,1.4835217945152583
10,42.0,2.9867439489350702,1.3392510601473582
11,42.0,3.25927334501731,1.2272674233092762
12,42.0,3.5132613386743885,1.138543254943074
13,42.0,3.7486198101228188,1.0670593985547296
14,42.0,3.9657136137773805,1.008645704042648
15,42.0,4.16525202160874,0.960326044918426
16,42.0,4.348179196268479,0.9199252881373244
17,42.0,4.515579520617574,0.8858220703979408
18,42.0,4.66860285520878,0.8567873781632942
19,42.0,4.808409349153882,0.8318759301771729
20,42.0,4.936131074534977,0.8103512527525076
21,42.0,5.052847073539433,0.7916329035460138
22,42.0,5.159568547741058,0.7752586215278144
23,42.0,5.257231397836069,0.7608567508834482
24,42.0,5.346693886071871,0.7481258671681192
25,42.0,5.428737722489936,0.7368195342038676
26,42.0,5.504071323111943,0.7267347687163405
27,42.0,5.573334343835167,0.7177032191554272
28,42.0,5.637102865607053,0.709584354829623
29,42.0,5.695894808167071,0.7022601601182296
30,42.0,5.750175295881057,0.6956309667403121
31,42.0,5.800361803064775,0.6896121545187912
32,42.0,5.846828978540503,0.6841315206381302
33,42.0,5.889913098523599,0.6791271675982221
34,42.0,5.929916129792692,0.6745457966772017
35,42.0,5.967109406293391,0.6703413206704875
36,42.0,6.001736935398561,0.6664737296977795
37,42.0,6.034018357549146,0.6629081588715435
38,42.0,6.06415158674692,0.6596141179488189
39,42.0,6.092315160645278,0.6565648517067744
40,42.0,6.118670328680545,0.6537368063859352
41,42.0,6.143362905418865,0.6511091826386697
42,42.0,6.166524914481967,0.6486635593745962
43,42.0,6.188276046337476,0.6463835759827481
44,42.0,6.208724951079482,0.6442546628361333
45,42.0,6.2279703851978185,0.6422638119004075
46,42.0,6.246102229310049,0.6403993807898088
47,42.0,6.263202391947169,0.6386509248276805
48,42.0,6.279345612760887,0.6370090526425556
49,42.0,6.294600176961685,0.6354653016151923
50,42.0,6.309028551399533,0.6340120301266793
51,42.0,6.322687951454235,0.6326423240735753
52,42.0,6.335630846799162,0.6313499155369585
53,42.0,6.347905413127642,0.6301291118370936
54,42.0,6.359555936073296,0.628974733488986
55,42.0,6.370623172801497,0.6278820598081287
56,42.0,6.3811446760874055,0.6268467811095919
57,42.0,6.3911550851159245,0.6258649566047022
58,42.0,6.400686386730682,0.6249329772338846
59,42.0,6.4097681504140676,0.6240475327865957
60,42.0,6.418427739890538,0.6232055827535448
4,43.0,0.9999571101031584,4.0001715669458555
5,43.0,1.3758752139870571,2.9072403945766756
6,43.0,1.7293789596337592,2.312969044591073
7,43.0,2.067616574510567,1.9345946677501629
8,43.0,2.3919565790287294,1.672271158711513
9,43.0,2.701624980156265,1.4805903962912854
10,43.0,2.9952821439518105,1.3354334609435556
11,43.0,3.271746413630681,1.2225886405301107
12,43.0,3.5302818976664483,1.1330539928395067
13,43.0,3.770657175441807,1.0608230379711783
14,43.0,3.993092874826414,1.001729768224809
15,43.0,4.198165737394844,0.9527970666737385
16,43.0,4.3867056784388945,0.9118459940589148
17,43.0,4.559703412970508,0.8772500396893406
18,43.0,4.71823529799394,0.847774591000302
19,43.0,4.863406226866314,0.8224688239907443
20,43.0,4.996308678684055,0.8005910477599902
21,43.0,5.117995034574589,0.7815560532939209
22,43.0,5.229460187062055,0.7648973042946572
23,43.0,5.331631796245172,0.7502393550164173
24,43.0,5.425366016321844,0.7372774459762296
25,43.0,5.511446990801932,0.7257622193728089
26,43.0,5.590588833916894,0.715488138875974
27,43.0,5.663439159711031,0.7062846244478936
28,43.0,5.7305834897927985,0.6980092004810192
29,43.0,5.79255007508987,0.690542152963251
30,43.0,5.8498148181045115,0.6837823289073108
31,43.0,5.902806091662595,0.6776438083659552
32,43.0,5.951909327988907,0.6720532487264153
33,43.0,5.997471306246576,0.666947751102012
34,43.0,6.039804103793263,0.6622731352309629
35,43.0,6.0791887011520345,0.6579825362621137
36,43.0,6.115878246662249,0.6540352568632325
37,43.0,6.150100996600011,0.6503958231273501
38,43.0,6.182062952147507,0.6470332041200731
39,43.0,6.211950217313098,0.643920163566628
40,43.0,6.239931102729121,0.6410327188148831
41,43.0,6.266157999861845,0.6383496873344386
42,43.0,6.2907690490302866,0.6358523049922798
43,43.0,6.3138896230700094,0.633523903456373
44,43.0,6.335633646712474,0.6313496365238193
45,43.0,6.356104769922851,0.6293162471027914
46,43.0,6.3753974116409875,0.6274118681129284
47,43.0,6.393597688657202,0.6256258517948897
48,43.0,6.410784242758063,0.6239486229034453
49,43.0,6.427028977812376,0.622371552051336
50,43.0,6.4423977171388405,0.6208868461130115
51,43.0,6.456950790301395,0.6194874531192284
52,43.0,6.470743557410097,0.6181669794994924
53,43.0,6.483826878055221,0.616919617878473
54,43.0,6.496247531160304,0.6157400839197325
55,43.0,6.508048591296,0.6146235609472375
56,43.0,6.519269766340479,0.6135656512716081
57,43.0,6.529947700794602,0.6125623333113766
58,43.0,6.54011624855199,0.6116099237357773
59,43.0,6.54980671847763,0.6107050439695599
60,43.0,6.55904809575636,0.6098445904959838
4,44.0,0.999966597156304,4.000133615837933
5,44.0,1.3759670504470514,2.907046356015866
6,44.0,1.729788869288432,2.3124209381954484
7,44.0,2.0687997991025977,1.933488200131843
8,44.0,2.39456119902421,1.6704521904180234
9,44.0,2.706410817674612,1.4779722183629382
10,44.0,3.0030285678096513,1.3319886606731548
11,44.0,3.283176427401494,1.2183323340822851
12,44.0,3.546012354375771,1.1280276548004717
13,44.0,3.791174162906931,1.0550821007212576
14,44.0,4.018746649080252,0.9953352000717581
15,44.0,4.22917866409934,0.9458101247779404
16,44.0,4.4231875133871705,0.9043252152194868
17,44.0,4.601669706509789,0.8692496974177369
18,44.0,4.765626130467909,0.8393440631918105
19,44.0,4.916103628586903,0.8136524984420985
20,44.0,5.054151911137066,0.7914285265517659
21,44.0,5.180793449608143,0.7720825079993385
22,44.0,5.297003704762218,0.7551438932171862
23,44.0,5.403699215440618,0.7402336511570324
24,44.0,5.501731447132632,0.7270438476390378
25,44.0,5.591884715071183,0.7153223293783662
26,44.0,5.674876883093416,0.7048611066641451
27,44.0,5.751361867696855,0.6954874501057623
28,44.0,5.8219332406700675,0.6870570023127963
29,44.0,5.887128428281989,0.6794484014963641
30,44.0,5.94743315936246,0.6725590507399302
31,44.0,6.003285928540602,0.6663017633365332
32,44.0,6.055082323444854,0.660602083725977
33,44.0,6.103179123412572,0.6553961335749579
34,44.0,6.147898118312046,0.6506288690903407
35,44.0,6.18952962418812,0.6462526626204943
36,44.0,6.228335691205345,0.6422261416718686
37,44.0,6.2645530114665045,0.6385132335345372
38,44.0,6.2983955417075945,0.6350823751084291
39,44.0,6.330056860051282,0.6319058562086273
40,44.0,6.359712277976532,0.6289592712946881
41,44.0,6.387520729170786,0.626221059719249
42,44.0,6.413626456495248,0.6236721185951039
43,44.0,6.438160517276903,0.6212954755113573
44,44.0,6.461242125794844,0.619076010792264
45,44.0,6.482979850322466,0.6170002209402268
46,44.0,6.5034726805348955,0.6150560164528913
47,44.0,6.522810979564793,0.6132325484413904
48,44.0,6.541077333534434,0.6115200594698706
49,44.0,6.558347310033118,0.6099097548372748
50,44.0,6.574690135759068,0.6083936911709965
51,44.0,6.5901693024079515,0.6069646797296177
52,44.0,6.604843108864224,0.6056162022428182
53,44.0,6.618765146831815,0.6043423374698026
54,44.0,6.631984736219894,0.6031376969483082
55,44.0,6.644547315869981,0.6019973686463655
56,44.0,6.656494794563759,0.6009168674279937
57,44.0,6.667865866678863,0.5998920914094998
58,44.0,6.67869629635441,0.5989192834211393
59,44.0,6.689019173582152,0.5979949969044401
60,44.0,6.698865145245969,0.597116065672513
4,45.0,0.9999739857430673,4.000104059734768
5,45.0,1.3760422443442304,2.906887500322527
6,45.0,1.7301359261998968,2.3119570777226017
7,45.0,2.0698260572186213,1.9325295408518997
8,45.0,2.3968621141934086,1.6688486068152815
9,45.0,2.710700505882125,1.4756333247882383
10,45.0,3.010054872259123,1.3288794290311052
11,45.0,3.293647412177355,1.2144590781669893
12,45.0,3.560545383711838,1.1234233997686147
13,45.0,3.8102682298729644,1.0497948592278925
14,45.0,4.042773622104143,0.9894197335536487
15,45.0,4.25838772763948,0.9393226394199876
16,45.0,4.4577175419748745,0.8973202008281362
17,45.0,4.641565483888753,0.8617782112272943
18,45.0,4.810855585170177,0.8314529358000892
19,45.0,4.966574327973493,0.8053841009628293
20,45.0,5.109725857814628,0.7828208618829415
21,45.0,5.241299772121854,0.7631694758761463
22,45.0,5.362249179020779,0.7459556366103925
23,45.0,5.473476750190273,0.7307969290014704
24,45.0,5.575826764069078,0.7173824025122536
25,45.0,5.670081488642767,0.7054572333769881
26,45.0,5.756960602715097,0.6948110775872811
27,45.0,5.837122663276877,0.685269135282221
28,45.0,5.911167881962743,0.6766852303764787
29,45.0,5.97964167610542,0.6689364039962385
30,45.0,6.043038615730319,0.6619186562183813
31,45.0,6.101806504990249,0.6555435667664444
32,45.0,6.1563504229397035,0.6497355941752857
33,45.0,6.207036611174121,0.6444299027975866
34,45.0,6.254196140495772,0.639570603502518
35,45.0,6.2981283200181135,0.6351093208574855
36,45.0,6.339103833550358,0.6310040196580452
37,45.0,6.377367602421009,0.6272180387534034
38,45.0,6.41314138312833,0.6237192915352195
39,45.0,6.446626113842182,0.6204796011686188
40,45.0,6.478004026918742,0.6174741453352565
41,45.0,6.507440546018271,0.6146809904314059
42,45.0,6.535085986703855,0.6120806991887044
43,45.0,6.561077078948632,0.6096559988350225
44,45.0,6.585538329073806,0.6073914993920568
45,45.0,6.608583237475861,0.6052734536680807
46,45.0,6.630315387212902,0.6032895520647966
47,45.0,6.650829417196748,0.6014287465646587
48,45.0,6.670211892437123,0.5996810992669235
49,45.0,6.688542082543374,0.5980376516490372
50,45.0,6.7058926585284135,0.5964903113850002
51,45.0,6.722330316889272,0.5950317540853872
52,45.0,6.7379163389624885,0.5936553377591988
53,45.0,6.752707092669219,0.5923550281549196
54,45.0,6.7667544829706054,0.5911253334322246
55,45.0,6.780106356642999,0.5899612468587441
56,45.0,6.792806866348616,0.588858196427738
57,45.0,6.80489679841343,0.5878120004601106
58,45.0,6.816413868223704,0.5868188283940516
59,45.0,6.827392986709364,0.5858751660826693
60,45.0,6.837866500990017,0.5849777850183039
4,46.0,0.9999797400180385,4.0000810415697465
5,46.0,1.376103810959305,2.906757446744903
6,46.0,1.7304297579197978,2.3115645010685215
7,46.0,2.070716108964156,1.9316988855613524
8,46.0,2.3988944944782227,1.6674347326267176
9,46.0,2.7145448124541343,1.4735435501555512
10,46.0,3.0164265436332514,1.3260724045950232
11,46.0,3.3032371506801512,1.2109333413062342
12,46.0,3.573967775014026,1.1192042715002661
13,46.0,3.828031623498056,1.0449234471957678
14,46.0,4.065268136497095,0.9839449368883858
15,46.0,4.2858864591989105,0.9332958392807386
16,46.0,4.490386154298493,0.890791985934425
17,46.0,4.679476258546924,0.8547965154634816
18,46.0,4.854003110153538,0.8240621007499673
19,46.0,5.0148909861565905,0.7976245168722197
20,46.0,5.163096048416597,0.7747289538079982
21,46.0,5.299572345556383,0.7547778837954621
22,46.0,5.425247924367612,0.7372934943735784
23,46.0,5.5410089907953495,0.7218901840160784
24,46.0,5.647690233308159,0.7082541419161692
25,46.0,5.746069709024547,0.6961279974932709
26,46.0,5.836867002502901,0.6852991507746817
27,46.0,5.920743653083638,0.6755908099342762
28,46.0,5.998305090700007,0.6668550431357263
29,46.0,6.070103518295432,0.6589673451109866
30,46.0,6.1366413346283455,0.65182235393626
31,46.0,6.198374810404243,0.6453304490857548
32,46.0,6.255717820074181,0.6394150303845655
33,46.0,6.309045497555278,0.6340103271643831
34,46.0,6.358697731952957,0.6290596233092957
35,46.0,6.404982453504088,0.6245138107773658
36,46.0,6.448178683902368,0.6203302042460218
37,46.0,6.488539341608814,0.616471564616916
38,46.0,6.526293803740558,0.6129052905505714
39,46.0,6.561650233206265,0.609602745930798
40,46.0,6.5947976840556715,0.606538697869512
41,46.0,6.6259080003696935,0.6036908450550202
42,46.0,6.655137525044967,0.6010394202895113
43,46.0,6.682628634960688,0.598566854227645
44,46.0,6.7085111185699,0.5962574898217815
45,46.0,6.732903411153034,0.5940973389539514
46,46.0,6.755913701963311,0.5920738743062356
47,46.0,6.777640926387635,0.5901758507782044
48,46.0,6.798175655114412,0.5883931517701686
49,46.0,6.817600891187951,0.5867166564663789
50,46.0,6.835992784767208,0.5851381249133685
51,46.0,6.853421274411507,0.5836500982268121
52,46.0,6.869950662796403,0.5822458117001682
53,46.0,6.885640133921991,0.580919118949314
54,46.0,6.900544218113001,0.5796644255246619
55,46.0,6.914713210422001,0.5784766306679381
56,46.0,6.928193547429362,0.5773510760945991
57,46.0,6.941028146881238,0.5762835008524336
58,46.0,6.953256714114065,0.5752700014484726
59,46.0,6.964916018775548,0.5743069965548862
60,46.0,6.9760401449624165,0.5733911957041282
4,47.0,0.9999842214748277,4.000063115096553
5,47.0,1.3761542194910845,2.9066509722138845
6,47.0,1.7306785200807824,2.3112322442259776
7,47.0,2.071487984408958,1.9309790981680686
8,47.0,2.400689490630615,1.6661879912463302
9,47.0,2.717989443000021,1.4716760619882838
10,47.0,3.0222033754162267,1.3235376654455322
11,47.0,3.3120175585628804,1.207723065857067
12,47.0,3.5863606864910094,1.1153367855796195
13,47.0,3.844551509713966,1.0404334523528336
14,47.0,4.08632020663568,0.9788758094640977
15,47.0,4.311764915484582,0.9276943614516276
16,47.0,4.5212811382839035,0.8847049934873634
17,47.0,4.715485773848808,0.8482689147708266
18,47.0,4.895147138145141,0.8171358055471386
19,47.0,5.061125906770466,0.7903379749255088
20,47.0,5.214328209432813,0.7671170358559187
21,47.0,5.355670163012734,0.7468719839441855
22,47.0,5.486052263929663,0.729121745029603
23,47.0,5.606341811468327,0.7134777247826032
24,47.0,5.7173616080174074,0.6996234057315588
25,47.0,5.81988340288964,0.6872989926248271
26,47.0,5.914624813212069,0.6762897269603328
27,47.0,6.002248715863191,0.6664169029564706
28,47.0,6.083364334609462,0.6575308957320227
29,47.0,6.158529438447914,0.649505704239694
30,47.0,6.228253220999236,0.6422346455846661
31,47.0,6.292999550746518,0.635626932394345
32,47.0,6.353190373438121,0.6296049330936926
33,47.0,6.409209116563415,0.6241019644159745
34,47.0,6.46140399640067,0.6190605017467106
35,47.0,6.510091164885247,0.6144307197379328
36,47.0,6.555557659821829,0.6101692956673216
37,47.0,6.598064140421451,0.6062384230997336
38,47.0,6.637847402834087,0.602604994850012
39,47.0,6.675122678831217,0.599239922988259
40,47.0,6.710085726244252,0.5961175703546291
41,47.0,6.7429147230564705,0.5932152732589884
42,47.0,6.773771978822933,0.5905129390988259
43,47.0,6.80280547782472,0.5879927058092287
44,47.0,6.8301502683926225,0.5856386525653032
45,47.0,6.855929712405779,0.5834365531434803
46,47.0,6.880256608257139,0.5813736649298105
47,47.0,6.903234199702475,0.5794385478291316
48,47.0,6.924957082057365,0.5776209083467161
49,47.0,6.945512016234569,0.5759114649359652
50,47.0,6.964978660160476,0.5743018313724221
51,47.0,6.983430226197242,0.5727844154574107
52,47.0,7.000934072341452,0.5713523307986539
53,47.0,7.01755223417758,0.5699993197797378
54,47.0,7.033341903837924,0.5687196861306141
55,47.0,7.048355861559867,0.567508235759646
56,47.0,7.062642864833548,0.566360224713737
57,47.0,7.076247999595043,0.5652713133045805
58,47.0,7.089212997437541,0.5642375255822946
59,47.0,7.101576522381384,0.5632552134576835
60,47.0,7.11337443035845,0.5623210248751711
4,48.0,0.9999877116507958,4.0000491540008385
5,48.0,1.3761954918809418,2.9065638011449395
6,48.0,1.7308891206402919,2.3109510322188154
7,48.0,2.0721573387036702,1.9303553476795237
8,48.0,2.402274681654324,1.6650885223688925
9,48.0,2.721075519327562,1.470006977604388
10,48.0,3.0274399154570504,1.3212483523049947
11,48.0,3.3200550532652215,1.2047992987544178
12,48.0,3.5977999087406234,1.1117905668634482
13,48.0,3.8599101236460402,1.0362935591416393
14,48.0,4.106015562727099,0.9741804284208104
15,48.0,4.336109632020166,0.9224859008318996
16,48.0,4.550487561777581,0.8790266857552861
17,48.0,4.749675833901426,0.8421627369702753
18,48.0,4.934364884187588,0.8106413072162933
19,48.0,5.105350815596708,0.7834917020354623
20,48.0,5.263488037738823,0.7599523303406968
21,48.0,5.409652643681143,0.7394190095869247
22,48.0,5.544715314906366,0.7214076418398675
23,48.0,5.669522168888705,0.7055268293948744
24,48.0,5.784881942328441,0.6914574990254653
25,48.0,5.891558056539826,0.6789375512577469
26,48.0,5.990264333752259,0.6677501654579621
27,48.0,6.081663365800518,0.657714799292165
28,48.0,6.166366750798283,0.6486801972137272
29,48.0,6.244936596972486,0.6405189128644124
30,48.0,6.3178878433331915,0.6331229833750388
31,48.0,6.385691066415402,0.6264004879655718
32,48.0,6.448775535099396,0.620272791048285
33,48.0,6.507532346148392,0.6146723192805145
34,48.0,6.562317526016052,0.6095407581456026
35,48.0,6.6134550235321905,0.6048275804049597
36,48.0,6.661239546483918,0.6004888387644561
37,48.0,6.705939215454384,0.5964861701671369
38,48.0,6.747798022593965,0.5927859705650071
39,48.0,6.787038092848284,0.5893587077719405
40,48.0,6.82386175175101,0.5861783467365229
41,48.0,6.858453408108792,0.5832218667944548
42,48.0,6.890981262435366,0.580468854530936
43,48.0,6.921598853330483,0.5779011590761736
44,48.0,6.95044645451396,0.5755025991750795
45,48.0,6.977652335182686,0.5732587133685665
46,48.0,7.003333895951906,0.5711565462146672
47,48.0,7.027598692009468,0.5691844647515355
48,48.0,7.050545354350304,0.5673320004291488
49,48.0,7.072264419136033,0.5655897125646004
50,48.0,7.0928390743875775,0.5639490700478602
51,48.0,7.11234583239745,0.5624023485724777
52,48.0,7.130855135462773,0.5609425411136768
53,48.0,7.148431901801594,0.5595632797441764
54,48.0,7.16513601782974,0.5582587671813056
55,48.0,7.1810227823459165,0.55702371670979
56,48.0,7.196143307598514,0.5558532993327607
57,48.0,7.210544881686998,0.5547430971768876
58,48.0,7.2242712962808335,0.5536890623223496
59,48.0,7.2373631432162995,0.5526874803496998
60,48.0,7.249858083152435,0.5517349379976679
4,49.0,0.9999904298110105,4.000038281122316
5,49.0,1.3762292837772832,2.9064924334565494
6,49.0,1.731067410186154,2.3107130181428643
7,49.0,2.072737761975245,1.9298147953787181
8,49.0,2.4036744750827608,1.6641188486482872
9,49.0,2.723840017886522,1.468515027950751
10,49.0,3.0321858869559604,1.3191803369336428
11,49.0,3.3274109125589755,1.2021358663285033
12,49.0,3.6083561328853677,1.1085380302529784
13,49.0,3.8741849365328935,1.0324752342823629
14,49.0,4.124435719411364,0.9698296378276144
15,49.0,4.359003605328898,0.9176409019506168
16,49.0,4.578087684797356,0.8737272580608197
17,49.0,4.782126163554135,0.8364480281773141
18,49.0,4.971732170032829,0.8045485684265223
19,49.0,5.147636663740148,0.7770556201403883
20,49.0,5.310640994207181,0.7532047457855237
21,49.0,5.461579425809034,0.7323888729142619
22,49.0,5.601290787354831,0.7141211109821655
23,49.0,5.730597911195889,0.698007443897815
24,49.0,5.8502934132735795,0.6837263907011063
25,49.0,5.96113045225508,0.6710136662898915
26,49.0,6.063817282486828,0.6596504831292612
27,49.0,6.159014618646969,0.6494545390247396
28,49.0,6.24733502614435,0.6402730097330267
29,49.0,6.3293437249040645,0.6319770538391212
30,49.0,6.405560339899097,0.6244574694089932
31,49.0,6.476461249823,0.6176212356878255
32,49.0,6.542482278449827,0.6113887405053481
33,49.0,6.604021545263304,0.6056915430369813
34,49.0,6.66144234671564,0.6004705575470696
35,49.0,6.71507598051866,0.5956745704150689
36,49.0,6.7652244556937315,0.5912590226971006
37,49.0,6.812163053195754,0.587185005520897
38,49.0,6.856142717770473,0.5834184270453383
39,49.0,6.897392272865075,0.5799293184666817
40,49.0,6.936120458098128,0.5766912532970618
41,49.0,6.972517793928656,0.5736808593709167
42,49.0,7.006758281444336,0.5708774071160709
43,49.0,7.039000947138081,0.5682624608292347
44,49.0,7.069391243550722,0.5658195822234521
45,49.0,7.098062317011726,0.5635340775204682
46,49.0,7.1251361536209545,0.5613927809600132
47,49.0,7.150724614234558,0.5593838688791648
48,49.0,7.174930368657351,0.557496699546162
49,49.0,7.197847738580183,0.5557216747667717
50,49.0,7.219563458088691,0.5540501199582171
51,49.0,7.240157359846575,0.5524741799375427
52,49.0,7.2597029943474505,0.5509867281229659
53,49.0,7.278268188950387,0.5495812872178385
54,49.0,7.295915552774913,0.5482519597528303
55,49.0,7.312702932937172,0.5469933671151314
56,49.0,7.328683827061625,0.545800595903694
57,49.0,7.343907756502528,0.5446691506246485
58,49.0,7.3584206042547,0.5435949118873643
59,49.0,7.372264921121729,0.5425740993842879
60,49.0,7.3854802033386475,0.5416032390408111
4,50.0,0.9999925467214319,4.00002981333648
5,50.0,1.376256950859754,2.9064340038400402
6,50.0,1.7312183433763648,2.3105115627407633
7,50.0,2.073241049515458,1.92934632513419
8,50.0,2.4049104644624957,1.663263584698157
9,50.0,2.7263161705756076,1.4671812620894513
10,50.0,3.036486582962375,1.3173119296636668
11,50.0,3.3341416204529035,1.1997090871792806
12,50.0,3.6180952196318183,1.1055540988241446
13,50.0,3.8874488348482954,1.0289524492625501
14,50.0,4.141658064632185,0.9657967745232571
15,50.0,4.380526300162187,0.913132287289749
16,50.0,4.6041608987577725,0.8687793689137192
17,50.0,4.812914295121886,0.8310972842492099
18,50.0,5.007323273521449,0.7988299898973691
19,50.0,5.1880534531705855,0.7710020793165637
20,50.0,5.355852116655806,0.7468466105628024
21,50.0,5.511510175904574,0.7257538990832947
22,50.0,5.655832796254808,0.7072344859007729
23,50.0,5.7896175975779265,0.6908919168812446
24,50.0,5.913639150965868,0.6764024482871405
25,50.0,6.028638510880184,0.6634997259797549
26,50.0,6.1353166530957255,0.6519630894652685
27,50.0,6.234330861041745,0.6416085525707257
28,50.0,6.326293279779571,0.6322817838346206
29,50.0,6.411771018934355,0.6238525967611371
30,50.0,6.491287325516307,0.616210591122131
31,50.0,6.5653234629952815,0.60926167957231
32,50.0,6.634321025681851,0.6029253007980413
33,50.0,6.6986844902706935,0.5971321691310707
34,50.0,6.758783862578141,0.5918224463645149
35,50.0,6.814957320200246,0.5869442480796735
36,50.0,6.86751378382299,0.5824524166842356
37,50.0,6.916735373590528,0.5783075083763932
38,50.0,6.962879724208212,0.5744749526683606
39,50.0,7.006182144863445,0.5709243518501135
40,50.0,7.046857618796898,0.5676288945203515
41,50.0,7.085102643384273,0.5645648625478993
42,50.0,7.121096915610865,0.5617112149156687
43,50.0,7.155004870380596,0.5590492351107551
44,50.0,7.186977080607407,0.5565622312603702
45,50.0,7.217151528794859,0.5542352802266758
46,50.0,7.245654760046436,0.552055008479919
47,50.0,7.272602926330608,0.5500094038570315
48,50.0,7.298102731473122,0.5480876533499549
49,50.0,7.322252285851732,0.546280002906881
50,50.0,7.345141879188779,0.5445776359110673
51,50.0,7.366854679218382,0.542972567557746
52,50.0,7.387467363378507,0.5414575528047656
53,50.0,7.407050690063842,0.5400260059467101
54,50.0,7.425670015386887,0.538671930170815
55,50.0,7.443385760839704,0.5373898557084527
56,50.0,7.460253836732121,0.5361747854081269
57,50.0,7.476326025805165,0.5350221467327221
58,50.0,7.491650330981709,0.5339277493315466
59,50.0,7.5062712908181,0.5328877474616355
60,50.0,7.5202302658595706,0.5318986066369865
4,51.0,0.9999941953760298,4.000023218630656
5,51.0,1.3762796031651106,2.9063861665906887
6,51.0,1.7313461158456338,2.3103410481539086
7,51.0,2.0736774371668307,1.9289403107288539
8,51.0,2.406001748150057,1.6625091827450031
9,51.0,2.728533830243192,1.4659887869682315
10,51.0,3.0403832345968573,1.3156236208921157
11,51.0,3.340299198777553,1.1974975180258933
12,51.0,3.627078466240694,1.102815954281194
13,51.0,3.8997703079249497,1.0257014347412636
14,51.0,4.157755964955447,0.9620574256197026
15,51.0,4.400753678238597,0.9089352171151287
16,51.0,4.62878368965719,0.8641579015536675
17,51.0,4.8421154794373535,0.8260852135779285
18,51.0,5.041210801167553,0.7934601741061083
19,51.0,5.226670083402609,0.7653056221593317
20,51.0,5.399185851367299,0.7408524377776389
21,51.0,5.559504413774248,0.7194885914812092
22,51.0,5.708395686725599,0.7007222728623504
23,51.0,5.846630328523676,0.6841547652645988
24,51.0,5.974963077221613,0.6694602039047276
25,51.0,6.0941211409294125,0.6563702800614103
26,51.0,6.2047965753277,0.6446625528232961
27,51.0,6.307641723371102,0.6341514270189416
28,51.0,6.403266948008406,0.6246811248817467
29,51.0,6.492240037993468,0.6161201644719632
30,51.0,6.575086799176883,0.608356987850069
31,51.0,6.652292455478306,0.6012964743764255
32,51.0,6.724303575155213,0.5948571410099774
33,51.0,6.791530310927104,0.5889688798950474
34,51.0,6.854348799618038,0.5835711191445206
35,51.0,6.913103610983553,0.5786113191830066
36,51.0,6.9681101688297975,0.5740437368360017
37,51.0,7.019657092621538,0.5698284043253989
38,51.0,7.068008426357854,0.5659302817301819
39,51.0,7.113405735070056,0.5623185502099869
40,51.0,7.156070059062045,0.558966020034226
41,51.0,7.196203722906841,0.5558486326988303
42,51.0,7.233992000962869,0.5529450405070376
43,51.0,7.269604644337772,0.5502362502086772
44,51.0,7.3031972762319555,0.5477053198354486
45,51.0,7.334912663759855,0.5453370998898317
46,51.0,7.364881874914955,0.5431180116580199
47,51.0,7.3932253294947445,0.5410358567109115
48,51.0,7.42005375266645,0.5390796526996278
49,51.0,7.445469039530807,0.5372394913957051
50,51.0,7.469565038600367,0.5355064156117868
51,51.0,7.492428261600938,0.5338723121981956
52,51.0,7.514138526466314,0.5323298187691365
53,51.0,7.534769539851855,0.5308722421891946
54,51.0,7.554389424958853,0.5294934871618413
55,51.0,7.573061199949986,0.5281879935192412
56,51.0,7.590843211753066,0.5269506810266762
57,51.0,7.607789529599657,0.5257769006933202
58,51.0,7.623950302228473,0.5246623917302824
59,51.0,7.639372082300807,0.5236032434219764
60,51.0,7.654098121225874,0.5225958612821341
4,52.0,0.9999954793514044,4.000018082676128
5,52.0,1.3762981495817144,2.9063470013497317
6,52.0,1.7314542802740664,2.310196720508758
7,52.0,2.0740558062512378,1.9285884150001824
8,52.0,2.406965213245478,1.6618437100744479
9,52.0,2.7305198032746487,1.4649225379002537
10,52.0,3.0439133535695317,1.314097852131463
11,52.0,3.3459315233101323,1.1954817282222194
12,52.0,3.635362868984956,1.100302815470208
13,52.0,3.9112136409213596,1.0227004626261544
14,52.0,4.172798883948172,0.9585892134382774
15,52.0,4.419758245264249,0.9050268765912666
16,52.0,4.652029622399299,0.8598397526834722
17,52.0,4.869802618922808,0.8213885270127833
18,52.0,5.073465582180599,0.788415716083518
19,52.0,5.263554218047114,0.7599427752231043
20,52.0,5.440705902344952,0.7351987171877815
21,52.0,5.6056213529107515,0.7135694240073809
22,52.0,5.759033872181609,0.6945609435154684
23,52.0,5.901685586723887,0.6777724670724893
24,52.0,6.034309752749833,0.6628761472142197
25,52.0,6.157618094424728,0.6496018328291108
26,52.0,6.272292180911606,0.6377253936245435
27,52.0,6.378977956462148,0.627059699422201
28,52.0,6.478282671966349,0.6174475864273892
29,52.0,6.570773601680929,0.6087563264965824
30,52.0,6.656978052803515,0.6008732443267472
31,52.0,6.737384282816598,0.5937022191537781
32,52.0,6.812443028897787,0.5871608735709568
33,52.0,6.882569426167316,0.5811783001842487
34,52.0,6.948145149108806,0.5756932122399679
35,52.0,7.009520655462948,0.5706524306883318
36,52.0,7.06701744651824,0.5660096398899807
37,52.0,7.120930284045671,0.5617243590998124
38,52.0,7.171529323891886,0.5577610882345605
39,52.0,7.219062140905781,0.5540885951562285
40,52.0,7.26375563059955,0.5506793184436796
41,52.0,7.305817780670385,0.5475088648642642
42,52.0,7.345439310966665,0.5445555848549509
43,52.0,7.382795184241634,0.5418002125452276
44,52.0,7.418045992537221,0.5392255594025868
45,52.0,7.4513392256150635,0.5368162526072384
46,52.0,7.482810428755404,0.5345585108809591
47,52.0,7.512584257668065,0.5324399517938472
48,52.0,7.5407754383467065,0.5304494256199451
49,52.0,7.567489639553731,0.5285768716606908
50,52.0,7.5928242653271925,0.5268131936447011
51,52.0,7.616869174509695,0.5251501513753495
52,52.0,7.639707333853845,0.5235802662589959
53,52.0,7.661415410788619,0.5220967387262799
54,52.0,7.682064311456545,0.5206933758722448
55,52.0,7.701719669166683,0.5193645279006625
56,52.0,7.72044228796236,0.5181050321737087
57,52.0,7.738288545580954,0.5169101638480837
58,52.0,7.755310759688983,0.5157755922291907
59,52.0,7.771557520910763,0.5146973421012823
60,52.0,7.787073995832987,0.5136717593977502
4,53.0,0.9999964793135736,4.000014082795286
5,53.0,1.3763133342894183,2.9063149359554625
6,53.0,1.7315458447661007,2.3100745568421983
7,53.0,2.0743838618788355,1.9282834163475764
8,53.0,2.4078157881929263,1.6612566541072535
9,53.0,2.7322981516583718,1.4639690758390314
10,53.0,3.0471110498336635,1.3127188128632046
11,53.0,3.3510826237419575,1.1936440992712483
12,53.0,3.643001379183406,1.0979957413292598
13,53.0,3.921839110459778,1.0199296522215209
14,53.0,4.186852510636527,0.9553716042870305
15,53.0,4.4376091133052915,0.9013862865944621
16,53.0,4.673969343615038,0.8558036448108659
17,53.0,4.896046220474334,0.8169857513339561
18,53.0,5.104156582186216,0.7836750177218734
19,53.0,5.298772169949107,0.7548918639463638
20,53.0,5.480475097420867,0.7298637305883235
21,53.0,5.649919755680274,0.707974656804375
22,53.0,5.807801685139631,0.6887287508860304
23,53.0,5.954833088533804,0.6717232776351214
24,53.0,6.09172423296501,0.6566285417770938
25,53.0,6.219169829622063,0.6431726596286049
26,53.0,6.337839474843714,0.631129900950771
27,53.0,6.448371312363431,0.6203116734811501
28,53.0,6.5513681882858,0.6105594869713193
29,53.0,6.64739569081488,0.6017394158628241
30,53.0,6.7369815814037715,0.5937377075575332
31,53.0,6.82061622585011,0.586457274174145
32,53.0,6.898753720469292,0.5798148712182027
33,53.0,6.971813479897579,0.5737388143749885
34,53.0,7.040182110645206,0.5681671208407726
35,53.0,7.104215440094943,0.5630459877982731
36,53.0,7.164240606189538,0.5583285402983541
37,53.0,7.220558140419627,0.5539737956832708
38,53.0,7.273443997543026,0.549945803026902
39,53.0,7.323151501118313,0.54621292477551
40,53.0,7.369913185559518,0.542747234504408
41,53.0,7.413942523934757,0.5395240099429721
42,53.0,7.455435536871972,0.5365213045190186
43,53.0,7.494572282274988,0.533719583899429
44,53.0,7.531518228541127,0.5311014165565937
45,53.0,7.566425515953203,0.5286512094206598
46,53.0,7.599434112159059,0.5263549813005179
47,53.0,7.630672868352472,0.5242001680598364
48,53.0,7.660260483082858,0.5221754545858742
49,53.0,7.688306380662173,0.5202706294406924
50,53.0,7.7149115109913255,0.5184764587774282
51,53.0,7.740169077358304,0.5167845766704089
52,53.0,7.7641651984126545,0.5151873894720556
53,53.0,7.786979510129376,0.5136779921915503
54,53.0,7.808685713163697,0.5122500952057649
55,53.0,7.829352070583782,0.510897959874443
56,53.0,7.8490418605622105,0.5096163418490787
57,53.0,7.867813788217266,0.5084004410463231
58,53.0,7.885722360425981,0.5072458574085434
59,53.0,7.902818227085588,0.5061485517015524
60,53.0,7.919148491979367,0.5051048107067647
4,54.0,0.9999972580855865,4.000010967687727
5,54.0,1.3763257666013213,2.9062886832944654
6,54.0,1.7316233562189043,2.309971152580329
7,54.0,2.0746682880175653,1.9280190588068282
8,54.0,2.4085666672866317,1.6607387515273537
9,54.0,2.7338904668752733,1.4631164080877896
10,54.0,3.050007325403111,1.3114722599793531
11,54.0,3.3557929671498186,1.191968646205647
12,54.0,3.650043151334441,1.0958774551850479
13,54.0,3.931703180697518,1.0173707973780375
14,54.0,4.199978895436908,0.9523857380202132
15,54.0,4.454372075871798,0.8979941351704731
16,54.0,4.694670600547539,0.8520299591484609
17,54.0,4.920914366064481,0.8128570632288842
18,54.0,5.13335083495485,0.7792181225492221
19,54.0,5.3323888036241955,0.7501328480176411
20,54.0,5.518555270296979,0.7248273876189233
21,54.0,5.692457802704729,0.702684172397278
22,54.0,5.85475324032859,0.6832055657695841
23,54.0,6.0061226458456645,0.6659870661760019
24,54.0,6.147251932418045,0.6506972617968798
25,54.0,6.278817380724135,0.6370626437201269
26,54.0,6.401475212218444,0.6248559695060963
27,54.0,6.5158544294217915,0.6138872565873076
28,54.0,6.622552223000934,0.6039967470709421
29,54.0,6.722131350338481,0.5950493662696114
30,54.0,6.815118994856942,0.5869303240366921
31,54.0,6.902006711056576,0.5795415981836491
32,54.0,6.983251143400989,0.5727991042939803
33,54.0,7.0592752769949145,0.5666304036953171
34,54.0,7.130470035124642,0.560972836334215
35,54.0,7.1971960845730205,0.5557719913417231
36,54.0,7.259785745830768,0.5509804476388529
37,54.0,7.318544933545603,0.5465567317439598
38,54.0,7.37375507428101,0.5424644512470502
39,54.0,7.425674965200287,0.5386715711023734
40,54.0,7.474542549744218,0.5351498066108249
41,54.0,7.520576595630949,0.5318741121955709
42,54.0,7.563978267299851,0.5288222491717839
43,54.0,7.60493258982353,0.5259744189386455
44,54.0,7.643609804778677,0.5233129505772595
45,54.0,7.680166620950554,0.5208220338720895
46,54.0,7.714747364322325,0.5184874904003245
47,54.0,7.747485032779843,0.5162965766407911
48,54.0,7.778502261505872,0.5142378141091681
49,54.0,7.807912205267285,0.5123008423815992
50,54.0,7.835819343806916,0.5104762915650196
51,54.0,7.862320216407196,0.5087556713414885
52,54.0,7.887504091447087,0.5071312741805674
53,54.0,7.911453576464733,0.5055960906980911
54,54.0,7.934245173893298,0.5041437354572216
55,54.0,7.955949787276464,0.5027683817709598
56,54.0,7.97663318240693,0.5014647042842968
57,54.0,7.996356407475643,0.5002278282969572
58,54.0,8.01517617597777,0.499053284940682
59,54.0,8.033145215797719,0.4979369714534392
60,54.0,8.050312587591964,0.4968751159011197
4,55.0,0.9999978645942601,4.0000085416412
5,55.0,1.376335945401018,2.906267189610117
6,55.0,1.7316889709584578,2.309883626380131
7,55.0,2.0749148822938213,1.9277899224367192
8,55.0,2.409229510036223,1.6602818383790507
9,55.0,2.735316117875965,1.4623538295478955
10,55.0,3.052630345490755,1.3103453570487722
11,55.0,3.3600997249199995,1.1904408581490051
12,55.0,3.6565337822464272,1.0939321877514723
13,55.0,3.940858697978489,1.015007212020022
14,55.0,4.212236591298692,0.9496142757657267
15,55.0,4.470109693347455,0.89483262702768
16,55.0,4.714198273758715,0.8485005864657297
17,55.0,4.944472699091172,0.8089841411674146
18,55.0,5.161113390506526,0.7750265683675337
19,55.0,5.364467453718468,0.7456471745815766
20,55.0,5.555007157579264,0.7200710793940907
21,55.0,5.733292975793422,0.697679329643266
22,55.0,5.899942309700588,0.6779727309237017
23,55.0,6.055604038163705,0.6605451701913053
24,55.0,6.20093849778531,0.6450636466445548
25,55.0,6.336602234626847,0.6312531309195478
26,55.0,6.463236780723723,0.6188849543513241
27,55.0,6.58146072182473,0.6077678146335557
28,55.0,6.6918643888886296,0.5977407442149782
29,55.0,6.79500659479362,0.5886675670138167
30,55.0,6.89141293154593,0.5804324947195831
31,55.0,6.98157523214661,0.5729366034160931
32,55.0,7.065951880408751,0.5660949957910848
33,55.0,7.1449687196969665,0.5598345013006087
34,55.0,7.219020367817664,0.5540918014072891
35,55.0,7.288471791057977,0.5488118929001672
36,55.0,7.353660026981425,0.5439468217627059
37,55.0,7.414895974462756,0.5394546348021853
38,55.0,7.472466191940106,0.5352985075147545
39,55.0,7.5266346621927624,0.5314460153210977
40,55.0,7.5776444951596975,0.5278685220130138
41,55.0,7.6257195502668145,0.5245406644753996
42,55.0,7.671065967142279,0.5214399168424998
43,55.0,7.713873599042006,0.5185462204743365
44,55.0,7.7543173472387545,0.5158416686962606
45,55.0,7.792558397407937,0.513310237281062
46,55.0,7.828745360952715,0.5109375532828956
47,55.0,7.863015325468959,0.5087106961426958
48,55.0,7.895494819325471,0.5066180260430756
49,55.0,7.926300695755863,0.5046490353490878
50,55.0,7.955540942024126,0.5027942196702819
51,55.0,7.983315419210531,0.5010449656510703
52,55.0,8.009716538024536,0.4993934530655106
53,55.0,8.034829875828144,0.497832569179036
54,55.0,8.058734739778187,0.49635583365908115
55,55.0,8.081504680691463,0.49495733258150576
56,55.0,8.103207961919276,0.4936316603001985
57,55.0,8.123907987199006,0.4923738681313076
58,55.0,8.14366369113816,0.49117941895768036
59,55.0,8.162529895686204,0.49004414698853976
60,55.0,8.180557635664679,0.48896422201846584
4,56.0,0.9999983369439449,4.0000066522352835
5,56.0,1.376344279153405,2.9062495921880944
6,56.0,1.7317445145792056,2.309809539643297
7,56.0,2.075128673129823,1.9275913112255254
8,56.0,2.4098146180740185,1.6598787184704256
9,56.0,2.73659247530642,1.4616717820040468
10,56.0,3.055005688204257,1.3093265310256146
11,56.0,3.3640370233004386,1.1890475557476539
12,56.0,3.6625155403748075,1.0921455365594588
13,56.0,3.9493550825500336,1.0128235917995163
14,56.0,4.223680798111004,0.9470412635796146
15,56.0,4.48488138665866,0.891885348829725
16,56.0,4.732614421608649,0.8451987936596727
17,56.0,4.966784424627237,0.8053500329441426
18,56.0,5.187507278029415,0.771083255524508
19,56.0,5.3950698582406975,0.7414176470560806
20,56.0,5.589890309857081,0.7155775477287084
21,56.0,5.77248195374895,0.6929428332646743
22,56.0,5.943422208899905,0.6730129308347383
23,56.0,6.103326894626484,0.6553802653961884
24,56.0,6.252829689306972,0.6397103709446047
25,56.0,6.392566214699785,0.6257267997947289
26,56.0,6.523162088879562,0.6131995411886281
27,56.0,6.6452242737396015,0.601936042370621
28,56.0,6.759335086409814,0.5917741832391653
29,56.0,6.866048316544187,0.5825767334555078
30,56.0,6.9658869740232685,0.5742269455299145
31,56.0,7.059342273099596,0.5666250261362793
32,56.0,7.146873533561233,0.5596852919274802
33,56.0,7.228908744554301,0.5533338628756781
34,56.0,7.305845591687584,0.5475067806731508
35,56.0,7.378052793410895,0.5421484654558549
36,56.0,7.44587162941176,0.537210443462347
37,56.0,7.509617573105532,0.5326502929157599
38,56.0,7.569581963406113,0.5284307666311476
39,56.0,7.626033668971233,0.5245190584818921
40,56.0,7.6792207119974805,0.5208861875464366
41,56.0,7.729371829229857,0.517506478970692
42,56.0,7.776697955841214,0.514357124670829
43,56.0,7.821393623794231,0.5114178102264546
44,56.0,7.863638270678406,0.5086703968715126
45,56.0,7.903597458179786,0.5060986495282881
46,56.0,7.941424001578768,0.5036880034619475
47,56.0,7.977259013205919,0.5014253634460429
48,56.0,8.011232863792452,0.4992989303904009
49,56.0,8.04346606626588,0.49729805124384274
50,56.0,8.07407008686719,0.4954130886857381
51,56.0,8.1031480885824,0.4936353076943183
52,56.0,8.130795611850115,0.49195677655090186
53,56.0,8.157101197372508,0.49037028022754503
54,56.0,8.182146955654908,0.4888692444267931
55,56.0,8.206009087654078,0.48744766880870155
56,56.0,8.22875836064594,0.48610006816216783
57,56.0,8.250460543143824,0.4848214204628881
58,56.0,8.271176802417559,0.48360712091547253
59,56.0,8.290964067889083,0.4824529412076463
60,56.0,8.309875363415857,0.48135499331433534
4,57.0,0.9999987048104039,4.000005180765094
5,57.0,1.3763511022903419,2.9062351847168415
6,57.0,1.731791532631271,2.309746828431728
7,57.0,2.0753140214992993,1.927419156118948
8,57.0,2.4103310920308756,1.6595230477775214
9,57.0,2.737735114024803,1.4610617292772032
10,57.0,3.057156574075899,1.3084053443383412
11,57.0,3.367636177932191,1.187776763479271
12,57.0,3.66802758483857,1.0905043398620025
13,57.0,3.9572385161256523,1.0108058899406986
14,57.0,4.234363508709538,0.9446520101008139
15,57.0,4.498743537318904,0.8891371483656216
16,57.0,4.749978334645491,0.8421091041246896
17,57.0,4.987910321853727,0.8019390369699798
18,57.0,5.212593482126522,0.7673723289022274
19,57.0,5.424256105349976,0.737428307644762
20,57.0,5.623263015881899,0.7113307680438771
21,57.0,5.810080520352457,0.6884586170515495
22,57.0,5.985245694713465,0.6683100751457947
23,57.0,6.149340585680992,0.6504762493256878
24,57.0,6.302971270523037,0.6346213283101431
25,57.0,6.446751371559333,0.620467545506177
26,57.0,6.581289460059192,0.6077836302863397
27,57.0,6.707179738145644,0.5963758473998928
28,57.0,6.8249954083844155,0.5860809803748811
29,57.0,6.935284196904383,0.5767607911129915
30,57.0,7.03856556687771,0.5682976114939269
31,57.0,7.1353292328096165,0.5605908108076122
32,57.0,7.226034655569254,0.5535539463427729
33,57.0,7.311111260104342,0.5471124508564671
34,57.0,7.3909591711090314,0.5412017449150366
35,57.0,7.465950306567741,0.5357656876554924
36,57.0,7.536429705740492,0.5307552987528303
37,57.0,7.602716997744913,0.5261276989774134
38,57.0,7.665107940467729,0.5218452278906743
39,57.0,7.723875978108429,0.5178747058260763
40,57.0,7.779273780130606,0.5141868139692654
41,57.0,7.831534735562229,0.5107555715530946
42,57.0,7.880874385113846,0.5075578932656997
43,57.0,7.927491780026085,0.5045732131918828
44,57.0,7.971570761366892,0.5017831641645136
45,57.0,8.013281157037474,0.49917130344129945
46,57.0,8.052779896304495,0.4967228772557961
47,57.0,8.090212043483767,0.4944246181064915
48,57.0,8.125711753638045,0.49226456971096955
49,57.0,8.159403153959008,0.49023193541541915
50,57.0,8.191401154990817,0.48831694655350866
51,57.0,8.221812196103514,0.48651074782463194
52,57.0,8.25073492970428,0.48480529723469945
53,57.0,8.278260848632188,0.483193278532763
54,57.0,8.304474861055134,0.4816680243995315
55,57.0,8.329455817004334,0.4802234489117669
56,57.0,8.353276990463094,0.4788539880297021
57,57.0,8.376006520688017,0.47755454704104433
58,57.0,8.397707816193595,0.4763204540513614
59,57.0,8.418439924583728,0.475147418741934
60,57.0,8.438257871171215,0.47403149572683145
4,58.0,0.9999989913051839,4.000004034783334
5,58.0,1.3763566886275678,2.9062233889302305
6,58.0,1.731831333550657,2.30969374586789
7,58.0,2.075474709296615,1.9272699311068033
8,58.0,2.410786970568448,1.6592092328493153
9,58.0,2.7387579958256523,1.4605160463599565
10,58.0,3.059104076713462,1.3075723805701265
11,58.0,3.3709259128444056,1.1866175951119549
12,58.0,3.673106173806275,1.0889965633242178
13,58.0,3.9645521243306385,1.0089412056034819
14,58.0,4.244333655074228,0.9424329765445938
15,58.0,4.5117495922088455,0.8865740259404988
16,58.0,4.766346598222445,0.8392171902672279
17,58.0,5.007908767088908,0.7987365956599076
18,58.0,5.236430930986584,0.7638790719705663
19,58.0,5.4520845925238985,0.7336643318933366
20,58.0,5.655182238910923,0.7073158443025386
21,58.0,5.846143483822694,0.6842117390838426
22,58.0,6.025464873001146,0.6638491940967355
23,58.0,6.193694124079781,0.6458181369417066
24,58.0,6.351408906118647,0.6297815270792263
25,58.0,6.499199880755614,0.6154603756447247
26,58.0,6.63765753229648,0.6026222323971104
27,58.0,6.767362240422035,0.5910722461563617
28,58.0,6.8888770485039785,0.5806461592849388
29,58.0,7.0027426203020795,0.5712047717423393
30,58.0,7.109473936946065,0.5626295328565807
31,58.0,7.2095583514921655,0.5548190062394208
32,58.0,7.303454682347257,0.5476860162722937
33,58.0,7.3915930854134935,0.5411553306273806
34,58.0,7.474375496124913,0.5351617673040107
35,58.0,7.552176476186282,0.5296486400460719
36,58.0,7.625344336112793,0.5245664751238104
37,58.0,7.694202434323484,0.519871946981299
38,58.0,7.759050577433087,0.515526991360754
39,58.0,7.820166465405016,0.5114980630777193
40,58.0,7.877807140205944,0.5077555122649817
41,58.0,7.932210408281245,0.5042730580903391
42,58.0,7.983596216189489,0.5010273430272718
43,58.0,8.032167965629702,0.49799755397500706
44,58.0,8.078113759311133,0.4951650990789096
45,58.0,8.1216075730126,0.49251333114045726
46,58.0,8.16281035204886,0.4900273101403125
47,58.0,8.201871032437056,0.4876935987143245
48,58.0,8.23892748852179,0.4855000854871792
49,58.0,8.274107409817896,0.48343583203351664
50,58.0,8.307529110479406,0.4814909399419692
51,58.0,8.339302275189937,0.47965643503537536
52,58.0,8.36952864546234,0.4779241662753203
53,58.0,8.398302650387054,0.4762867172708585
54,58.0,8.425711985819174,0.4747373286355109
55,58.0,8.451838145875065,0.4732698297058856
56,58.0,8.476756910443235,0.47187857835961544
57,58.0,8.500538792218897,0.4705584078578011
58,58.0,8.52324944655985,0.46930457979432694
59,58.0,8.544950047242597,0.46811274236656014
60,58.0,8.565697630978772,0.4669788932933574
4,59.0,0.9999992144275998,4.000003142292069
5,59.0,1.3763612623505328,2.906213731392621
6,59.0,1.7318650250163683,2.3096488134011453
7,59.0,2.075614016061875,1.9271405805927833
8,59.0,2.4111893535349243,1.6589323414752972
9,59.0,2.7396736341574544,1.4600279208914386
10,59.0,3.0608673158461985,1.3068191421731625
11,59.0,3.3739325644946576,1.1855601508144291
12,59.0,3.677784862120564,1.0876111980333865
13,59.0,3.971336153288751,1.0072176833198851
14,59.0,4.253637253536003,0.9403716775977647
15,59.0,4.5239501716591795,0.884183036554751
16,59.0,4.78177316182833,0.8365097767353281
17,59.0,5.026835765951701,0.7957291994883193
18,59.0,5.259076495160093,0.7605898114775824
19,59.0,5.478611996980708,0.7301119338628874
20,59.0,5.685703564300063,0.7035189145483386
21,59.0,5.880724607040442,0.6801882875472819
22,59.0,6.064131116586655,0.6596163445508576
23,59.0,6.2364360748454555,0.6413919668212302
24,59.0,6.398188067658603,0.6251769966280136
25,59.0,6.549953947261408,0.6106913166423764
26,59.0,6.6923051638509925,0.5977013752460529
27,59.0,6.825807286724995,0.5860112704587049
28,59.0,6.951012213758558,0.5754557576639786
29,59.0,7.068452591583068,0.5658947199791787
30,59.0,7.178638015993945,0.5572087617578757
31,59.0,7.282052638984624,0.5492956722924406
32,59.0,7.3791538669825965,0.5420675692775108
33,59.0,7.4703718896215845,0.5354485772732557
34,59.0,7.556109827371028,0.5293729301697705
35,59.0,7.636744328687598,0.5237834118622922
36,59.0,7.712626483052789,0.5186300683417424
37,59.0,7.784082945789703,0.5138691388384474
38,59.0,7.851417194608019,0.5094621647091955
39,59.0,7.914910857175927,0.5053752432819207
40,59.0,7.974825064412138,0.5015784004905767
41,59.0,8.031401796316826,0.4980450613035431
42,59.0,8.084865196622069,0.49475160101262255
43,59.0,8.135422839856004,0.4916769636611537
44,59.0,8.183266940013512,0.48880233644112253
45,59.0,8.228575494265554,0.4861108709262711
46,59.0,8.27151335831043,0.4835874436424841
47,59.0,8.31223325230696,0.4812184497938443
48,59.0,8.35087669801943,0.4789916250288639
49,59.0,8.38757488899599,0.4768958909979769
50,59.0,8.422449496413565,0.474921221160575
51,59.0,8.455613413745459,0.4730585238792485
52,59.0,8.48717144371499,0.47129954031529814
53,59.0,8.517220931145397,0.46963675503273333
54,59.0,8.545852345346463,0.4680633175435274
55,59.0,8.573149815624996,0.4665729732973754
56,59.0,8.599191623394773,0.46516000284464964
57,59.0,8.624050654211253,0.4638191680897352
58,59.0,8.64779481288159,0.46254566470999936
59,59.0,8.670487404612281,0.4613350799485843
60,59.0,8.692187484962618,0.4601833551013428
4,60.0,0.9999993881955463,4.000002447219312
5,60.0,1.3763650070094964,2.9062058244934743
6,60.0,1.7318935447385815,2.3096107795723526
7,60.0,2.075734785582355,1.9270284565172835
8,60.0,2.411544511008593,1.65868802410247
9,60.0,2.7404932424894715,1.4595912655367065
10,60.0,3.0624636340096276,1.3061379588572855
11,60.0,3.3766802715049824,1.1845954246112869
12,60.0,3.682094688175047,1.0863381685554958
13,60.0,3.977628139797442,1.0056244222477009
14,60.0,4.262317548012647,0.9384565919695599
15,60.0,4.53539317959234,0.8819522016301873
16,60.0,4.796309413778137,0.8339745531239883
17,60.0,5.04474499332192,0.7929043004740731
18,60.0,5.280584995707793,0.7574918315397464
19,60.0,5.503893256281545,0.7267582806833753
20,60.0,5.714881157455746,0.6999270658115998
21,60.0,5.913876547833793,0.6763752959072453
22,60.0,6.101294992578539,0.6555985253729739
23,60.0,6.277614473826053,0.6371847166909722
24,60.0,6.44335394696474,0.6207947030264065
25,60.0,6.599055716622483,0.6061473295223627
26,60.0,6.7452713444731875,0.5930080193552842
27,60.0,6.882550677159361,0.5811798833933065
28,60.0,7.011433540829192,0.5704967431705769
29,60.0,7.13244365653928,0.5608176093101915
30,60.0,7.246084365969181,0.5520222782370255
31,60.0,7.352835805056187,0.5440077959104425
32,60.0,7.453153215233838,0.536685599301007
33,60.0,7.547466132610357,0.5299791916544268
34,60.0,7.636178241787327,0.5238222410931778
35,60.0,7.71966772180617,0.5181570171344266
36,60.0,7.798287946597868,0.512933098571343
37,60.0,7.872368431531338,0.5081063005103685
38,60.0,7.942215941728151,0.5036377793487239
39,60.0,8.008115697376654,0.4994932829592289
40,60.0,8.070332626999754,0.49564251993998043
41,60.0,8.129112632135149,0.4920586269388891
42,60.0,8.184683836740632,0.48871771711500966
43,60.0,8.237257802331577,0.48559849600285543
44,60.0,8.2870306958121,0.4826819335931052
45,60.0,8.33418440152405,0.47995098347818305
46,60.0,8.378887572497046,0.4773903415448185
47,60.0,8.421296618472317,0.47498623801302803
48,60.0,8.461556630182242,0.4727262576878658
49,60.0,8.499802240747842,0.4705991841579677
50,60.0,8.536158426028713,0.4685948643833834
51,60.0,8.570741246419493,0.4667040906958937
52,60.0,8.603658533009087,0.4649184977127422
53,60.0,8.635010521262748,0.46323047205911877
54,60.0,8.664890435498037,0.46163307312149404
55,60.0,8.69338502744007,0.4601199633254797
56,60.0,8.720575072086126,0.45868534665835115
57,60.0,8.746535824005887,0.45732391434578407
58,60.0,8.771337437067599,0.4560307967512495
59,60.0,8.795045350423795,0.45480152070020397
60,60.0,8.817720643422641,0.45363197154399537
4,61.0,0.9999995235261803,4.000001905896187
5,61.0,1.3763680728845347,2.9061993508879986
6,61.0,1.7319176865292532,2.3095785851208452
7,61.0,2.0758394836955896,1.9269312639139384
8,61.0,2.4118579798084525,1.6584724446825332
9,61.0,2.7412268678560223,1.4592006400143356
10,61.0,3.0639087580700055,1.305521905462893
11,61.0,3.37919115078876,1.18371522104227
12,61.0,3.6860643501736745,1.0851682499280118
13,61.0,3.983463074700177,1.0041513941486875
14,61.0,4.270415150471809,0.9366770815146783
15,61.0,4.546123914650815,0.879870429204356
16,61.0,4.810004260059648,0.831600095079832
17,61.0,5.0616878398787515,0.7902502340199266
18,61.0,5.30100922057553,0.7545732960573346
19,61.0,5.527981558095136,0.7235914154131772
20,61.0,5.742767731285274,0.6965282573085662
21,61.0,5.9456508086294715,0.6727606663671588
22,61.0,6.137006198585616,0.6517836010857986
23,61.0,6.3172767544493125,0.6331842272356939
24,61.0,6.486951376868038,0.6166224729637543
25,61.0,6.646547192603895,0.6018162339163252
26,61.0,6.796595112286487,0.5885299821331176
27,61.0,6.937628423724888,0.5765659034607616
28,61.0,7.070174016473658,0.5657569376199106
29,61.0,7.194745825722695,0.5559612663034152
30,61.0,7.311840106912645,0.5470579144938335
31,61.0,7.4219321918264365,0.5389432154075844
32,61.0,7.525474422665007,0.5315279509758103
33,61.0,7.6228950069058055,0.5247350247348654
34,61.0,7.71459757922474,0.5184975572506753
35,61.0,7.800961295754008,0.5127573190469698
36,61.0,7.8823413198152705,0.5074634347467896
37,61.0,7.959069587002361,0.5025713063914204
38,61.0,8.031455761432422,0.4980417148293666
39,61.0,8.099788314650107,0.49384006650707035
40,61.0,8.1643356746274,0.4899357595537067
41,61.0,8.225347405115507,0.48630164818477095
42,61.0,8.283055385798482,0.4829135884879034
43,61.0,8.337674971734529,0.47975005185022934
44,61.0,8.389406116852397,0.47679179482858924
45,61.0,8.43843445113557,0.47402157629626607
46,61.0,8.484932304859763,0.47142391433211456
47,61.0,8.529059676081655,0.46898487663503424
48,61.0,8.570965139699037,0.4666918993139735
49,61.0,8.61078669796755,0.46453362977207896
50,61.0,8.648652573490356,0.46249979011305237
51,61.0,8.684681946492372,0.46058105807957045
52,61.0,8.718985638728158,0.4587689630124774
53,61.0,8.751666746713802,0.4570557947149868
54,61.0,8.782821227166231,0.4554345234339463
55,61.0,8.81253843761654,0.45389872944280163
56,61.0,8.840901635166183,0.45244254093828196
57,61.0,8.867988436299195,0.4510605791530878
58,61.0,8.893871240567403,0.44974790974653367
59,61.0,8.918617620842364,0.4484999996694779
60,61.0,8.942290682687368,0.44731267881328884
4,62.0,0.9999996289217966,4.000001484313365
5,62.0,1.3763705830157984,2.9061940507588475
6,62.0,1.7319381223768493,2.3095513334567315
7,62.0,2.0759302484485476,1.9268470137613782
8,62.0,2.4121346488828754,1.6582822197975176
9,62.0,2.7418835109832047,1.4588511816702419
10,62.0,3.0652169467374857,1.3049647282739534
11,62.0,3.381485460789154,1.1829120800260664
12,62.0,3.6897203719942406,1.0840929926183154
13,62.0,3.988873559200376,1.0027893691375502
14,62.0,4.277968177975372,0.9350233179838833
15,62.0,4.556185181395042,0.8779274416531188
16,62.0,4.822904206271037,0.8293757928674913
17,62.0,5.077713464112773,0.7877561481699161
18,62.0,5.320399948134856,0.7518231785191748
19,62.0,5.550928338165317,0.7206001872692295
20,62.0,5.769414522319512,0.6933112509988025
21,62.0,5.9760976947899875,0.6693331006765894
22,62.0,6.171313507290912,0.6481602328700885
23,62.0,6.355469682273297,0.6293791332459373
24,62.0,6.529024759050126,0.6126489250106535
25,62.0,6.692470161145846,0.5976866394149366
26,62.0,6.8463154761803855,0.5842558692944767
27,62.0,6.9910766729950735,0.5721579360516933
28,62.0,7.127266901911739,0.561224948504045
29,62.0,7.2553895015867775,0.5513143021646442
30,62.0,7.375932847593389,0.5423042864747766
31,62.0,7.489366708375951,0.5340905520791877
32,62.0,7.596139813509062,0.5265832512569548
33,62.0,7.696678380912346,0.5197047092314451
34,62.0,7.79138539004656,0.5133875170787947
35,62.0,7.880640425096101,0.5075729616164059
36,62.0,7.964799944794524,0.5022097262611399
37,62.0,8.044197863631956,0.4972528110085547
38,62.0,8.11914635286101,0.49266263054742043
39,62.0,8.189936789370952,0.4884042579170174
40,62.0,8.256840796604552,0.4844467876436365
41,62.0,8.320111334745105,0.48076279740342487
42,62.0,8.37998380787977,0.47732789128288844
43,62.0,8.436677164182573,0.4741203108946458
44,62.0,8.490394971738626,0.4711206031420818
45,62.0,8.541326457776965,0.46831133545515746
46,62.0,8.589647503069855,0.4656768509499883
47,62.0,8.635521586320875,0.4632030572810115
48,62.0,8.679100675691775,0.46087724402173463
49,62.0,8.72052606636308,0.458687924278886
50,62.0,8.759929164310652,0.45662469695492947
51,62.0,8.797432217409945,0.45467812665655766
52,62.0,8.83314899563208,0.4528396387265705
53,62.0,8.867185422534755,0.4511014272730262
54,62.0,8.899640160526971,0.4494563743983048
55,62.0,8.93060515253939,0.4478979791042057
56,62.0,8.960166122793279,0.4464202945774206
57,62.0,8.988403039354399,0.44501787275076443
58,62.0,9.015390541103399,0.4436857151959207
59,62.0,9.041198331665091,0.44241922953849544
60,62.0,9.065891542727448,0.44121419070016926
4,63.0,0.9999997110039928,4.000001155984363
5,63.0,1.3763726381408663,2.906189711387314
6,63.0,1.7319554211368136,2.3095282656723906
7,63.0,2.076008933617824,1.9267739821472114
8,63.0,2.4123788348350836,1.658114365057199
9,63.0,2.7424712342854565,1.4585385436293152
10,63.0,3.066401125159339,1.304460778852652
11,63.0,3.3835817525600684,1.1821792090507464
12,63.0,3.693087258948366,1.0831046545970402
13,63.0,3.993889953975315,1.0015298483671549
14,63.0,4.285012385795601,0.933486216576552
15,63.0,4.565617400793332,0.8761137101205525
16,63.0,4.8350534417126285,0.8272917865791275
17,63.0,5.092868848814741,0.7854119394672644
18,63.0,5.338805976912497,0.7492311983799144
19,63.0,5.572783285581041,0.7177741884113019
20,63.0,5.794871274718805,0.6902655486845304
21,63.0,6.00526628097503,0.6660820374730411
22,63.0,6.204264718852461,0.6447178160927728
23,63.0,6.392239296924569,0.6257588012896322
24,63.0,6.5696179986755245,0.60886340740153
25,63.0,6.736866120425075,0.593747883436878
26,63.0,6.894471343589105,0.5801750127976731
27,63.0,7.0429316334659475,0.567945311437239
28,63.0,7.182745661196539,0.5568901070254044
29,63.0,7.314405408978853,0.5468660508056841
30,63.0,7.4383906189181515,0.5377507319697288
31,63.0,7.555164767617397,0.529439148322035
32,63.0,7.665172281340699,0.521840847561533
33,63.0,7.768836743565494,0.5148775977707323
34,63.0,7.8665598838136805,0.5084814784452913
35,63.0,7.958721171426172,0.5025933078747644
36,63.0,8.04567786920239,0.49716134116074684
37,63.0,8.127765429098552,0.4921401872253145
38,63.0,8.205298135455916,0.4874899039579804
39,63.0,8.27856992076055,0.4831752389949642
40,63.0,8.347855295098721,0.4791649901200996
41,63.0,8.413410343693885,0.4754314643642843
42,63.0,8.475473757620348,0.47195001888874666
43,63.0,8.53426787138499,0.4686986699130709
44,63.0,8.589999687911366,0.4656577584780552
45,63.0,8.642861876863414,0.46280966385773625
46,63.0,8.693033736476904,0.4601385570627168
47,63.0,8.7406821123508,0.4576301881918233
48,63.0,8.785962269175483,0.45527170245580617
49,63.0,8.829018713293824,0.45305148056569566
50,63.0,8.869985965430836,0.45095899988898247
51,63.0,8.908989283989355,0.4489847133600817
52,63.0,8.94614534007542,0.4471199436120807
53,63.0,8.981562845953423,0.4453567901940552
54,63.0,9.015343138990115,0.44368804806780476
55,63.0,9.04758072336994,0.4421071358521271
56,63.0,9.078363771984836,0.44060803251172925
57,63.0,9.107774590945404,0.43918522137961613
58,63.0,9.13589004914752,0.43783364056283103
59,63.0,9.162781975275097,0.43654863891704754
60,63.0,9.188517524537321,0.43532593689006605
4,64.0,0.9999997749296761,4.000000900281498
5,64.0,1.3763743207372456,2.906186158615214
6,64.0,1.7319700643560123,2.309508739394578
7,64.0,2.0760771464651344,1.9267106748950362
8,64.0,2.4125943487068633,1.6579662478874566
9,64.0,2.7429972589083067,1.4582588396723266
10,64.0,3.0674730076234513,1.3040049545860655
11,64.0,3.385497009418751,1.1815104219178594
12,64.0,3.696187643783493,1.0821961397786393
13,64.0,3.998540521042829,1.0003650029178122
14,64.0,4.29158129621166,0.9320573755717851
15,64.0,4.574458719350972,0.8744203949374635
16,64.0,4.846493924813668,0.8253389072707416
17,64.0,5.107198861146025,0.7832081946976358
18,64.0,5.356274160612762,0.7467877632952225
19,64.0,5.593594354507899,0.7151036965661238
20,64.0,5.819186231412217,0.6873813349378353
21,64.0,6.033204384887454,0.6629975954435725
22,64.0,6.235906620607382,0.6414464236493645
23,64.0,6.427630861012822,0.6223132731940533
24,64.0,6.608774445506379,0.605255941624667
25,64.0,6.779776216803535,0.5899899749030186
26,64.0,6.941101453513429,0.5762774145845816
27,64.0,7.093229507494536,0.5639180285614185
28,64.0,7.2366438935405855,0.5527424119308112
29,64.0,7.3718245289898565,0.5426065127120043
30,64.0,7.499241810149631,0.5333872545070244
31,64.0,7.619352225481295,0.5249790115520392
32,64.0,7.7325952316260365,0.5172907517052159
33,64.0,7.839391150478744,0.5102437068414074
34,64.0,7.9401398791334925,0.5037694626151246
35,64.0,8.035220236923713,0.497808383847286
36,64.0,8.124989803480233,0.49230831013309734
37,64.0,8.209785128046166,0.48722347023861196
38,64.0,8.28992221303779,0.48251357457963706
39,64.0,8.365697194141655,0.47814305337290086
40,64.0,8.437387155371498,0.4740804145100155
41,64.0,8.505251030829099,0.470297700267887
42,64.0,8.569530555797678,0.466770025960619
43,64.0,8.630451238608588,0.46347518680203853
44,64.0,8.688223331797108,0.4603933217693454
45,64.0,8.743042786698103,0.45750662527761
46,64.0,8.795092180085295,0.4547990990995171
47,64.0,8.844541604948176,0.45225633827785444
48,64.0,8.891549520212696,0.44986534584405213
49,64.0,8.936263556298579,0.44761437202472226
50,64.0,8.97882127499378,0.4454927743288632
51,64.0,9.019350883317783,0.44349089549209264
52,64.0,9.05797190192398,0.44159995673538915
53,64.0,9.094795789224566,0.4398119641937607
54,64.0,9.129926522863375,0.4381196267005114
55,64.0,9.163461140456336,0.43651628338774207
56,64.0,9.195490241700108,0.4349958397933616
57,64.0,9.226098454044193,0.4335527113572725
58,64.0,9.255364864152211,0.4321817733510173
59,64.0,9.283363417360787,0.4308783164213536
60,64.0,9.310163287292832,0.4296380070432795
4,65.0,0.9999998247150511,4.000000701139919
5,65.0,1.3763756983321778,2.9061832498546707
6,65.0,1.7319824596702098,2.3094922108862743
7,65.0,2.076136280488372,1.9266557969205544
8,65.0,2.4127845550184466,1.657835545938091
9,65.0,2.7434680518894625,1.458008595086481
10,65.0,3.0684432093395357,1.3035926452296884
11,65.0,3.387246775887932,1.1809000833579482
12,65.0,3.699042423310865,1.0813609421704766
13,65.0,4.002851558411269,0.999287618246728
14,65.0,4.297706322696881,0.9307290214027316
15,65.0,4.582745116336671,0.8728392913977938
16,65.0,4.857265469182453,0.8235086233969536
17,65.0,5.120746315490696,0.7811361378906152
18,65.0,5.37284944761487,0.744483916588374
19,65.0,5.613407781599079,0.7125796228651197
20,65.0,5.84240613166084,0.6846494252296882
21,65.0,6.059958547788708,0.6600705216803189
22,65.0,6.266284953566906,0.6383367544948803
23,65.0,6.461688815611898,0.6190332147124938
24,65.0,6.646536841185098,0.6018171711941925
25,65.0,6.821241186434836,0.5864035430904657
26,65.0,6.986244314629144,0.5725536954990293
27,65.0,7.142006427730929,0.5600667040103506
28,65.0,7.288995269549474,0.5487724785212045
29,65.0,7.427678036152373,0.5385263039850403
30,65.0,7.558515107953328,0.5292044724222438
31,65.0,7.681955322457416,0.5207007632947833
32,65.0,7.798432526204802,0.5129235890108607
33,65.0,7.908363171649797,0.505793665918044
34,65.0,8.012144754743149,0.4992421033871137
35,65.0,8.110154918865417,0.4932088277001232
36,65.0,8.202751078756988,0.48764127566408416
37,65.0,8.290270443314627,0.48249330674437135
38,65.0,8.373030338227816,0.47772429316751
39,65.0,8.451328748398204,0.47329835568852147
40,65.0,8.525445016104664,0.46918371914239715
41,65.0,8.595640644226547,0.4653521669367005
42,65.0,8.662160164842419,0.46177857761566427
43,65.0,8.725232042505931,0.4584405297777249
44,65.0,8.785069588773883,0.4553179641412804
45,65.0,8.841871870402766,0.4523928935669808
46,65.0,8.89582459828563,0.44964915346587037
47,65.0,8.9471009878832,0.44707218633354917
48,65.0,8.995862584792222,0.4446488552150764
49,65.0,9.04226005134077,0.4423672817734198
50,65.0,9.086433911830852,0.44021670534486157
51,65.0,9.128515255365814,0.4381873599486804
52,65.0,9.168626396188856,0.4362703666999333
53,65.0,9.206881492187735,0.434457639472616
54,65.0,9.24338712274536,0.43274180199129947
55,65.0,9.278242827480998,0.4311161148048959
56,65.0,9.31154160766833,0.4295744108264395
57,65.0,9.343370392262889,0.4281110383157177
58,65.0,9.37381047054563,0.4267208103437543
59,65.0,9.402937893409119,0.42539895991483195
60,65.0,9.43082384529265,0.424141100037255
4,66.0,0.999999863487942,4.000000546048306
5,66.0,1.3763768262125406,2.906180868365128
6,66.0,1.7319929521464783,2.309478219898502
7,66.0,2.0761875438290462,1.9266082256822175
8,66.0,2.412952423951652,1.6577202104338495
9,66.0,2.7438894044133972,1.4577847028259292
10,66.0,3.069321348202535,1.3032196848148505
11,66.0,3.3888452766269834,1.1803430589139545
12,66.0,3.7016708860698246,1.080593095148694
13,66.0,4.0068475276061335,0.998291043629947
14,66.0,4.303416889294484,0.9294939586147726
15,66.0,4.590510508662717,0.8713627803381847
16,66.0,4.86740582966579,0.8217929919919276
17,66.0,5.133552038377835,0.7791875820282852
18,66.0,5.388574924201364,0.7423112893976949
19,66.0,5.6322681083614246,0.710193464345522
20,66.0,5.864576214377245,0.6820612187107123
21,66.0,6.085574021195014,0.6572921446799733
22,66.0,6.295444385204013,0.6353800868134226
23,66.0,6.494456741901181,0.6159098688259249
24,66.0,6.68294727236696,0.5985383150544122
25,66.0,6.861301302290399,0.5829797911169917
26,66.0,7.0299381483137315,0.5689950488340325
27,66.0,7.189298397934379,0.5563825256090741
28,66.0,7.339833471301574,0.5449714922879142
29,66.0,7.481997238963719,0.5346166100101386
30,66.0,7.616239438279287,0.5251935725518245
31,66.0,7.743000627520217,0.5165955929001449
32,66.0,7.862708429749298,0.5087305520405186
33,66.0,7.975774840781227,0.501518671207649
34,66.0,8.082594401889004,0.49489060085275954
35,66.0,8.183543065156366,0.4887858435096499
36,66.0,8.278977605544338,0.48315144581635844
37,66.0,8.369235457749713,0.4779409087237586
38,66.0,8.454634877278785,0.4731132755063981
39,66.0,8.53547534370151,0.46863236538450975
40,66.0,8.612038139874427,0.4644661269531169
41,66.0,8.6845870542328,0.4605860906248192
42,66.0,8.75336916432214,0.45696690324722067
43,66.0,8.81861566885245,0.45358593119417717
44,66.0,8.880542742995749,0.45042292073363144
45,66.0,8.939352397668262,0.447459706482022
46,66.0,8.995233328376617,0.4446799603720658
47,66.0,9.048361743065831,0.44206897486889063
48,66.0,9.098902161461497,0.43961347523243466
49,66.0,9.147008180797357,0.4373014564912431
50,66.0,9.192823204686889,0.43512204150305334
51,66.0,9.236481133336895,0.43306535706146204
52,66.0,9.278107014397412,0.4311224254896988
53,66.0,9.317817654565056,0.4292850695613569
54,66.0,9.355722192663304,0.4275458289192013
55,66.0,9.391922635358792,0.4258978864392223
56,66.0,9.426514356974836,0.4243350032178472
57,66.0,9.459586565061615,0.422851461053673
58,66.0,9.49122273350104,0.42144201145772864
59,66.0,9.521501004981763,0.4201018303634219
60,66.0,9.550494564691473,0.41882647782326854
4,67.0,0.9999998936843008,4.000000425262842
5,67.0,1.3763777496435676,2.906178918567854
6,67.0,1.7320018338855634,2.30946637684928
7,67.0,2.0762319839103,1.9265669881775664
8,67.0,2.4131005774641867,1.6576184338753965
9,67.0,2.7442665020446557,1.4575843843955176
10,67.0,3.070116137380591,1.3028823083587913
11,67.0,3.390305526027927,1.1798346695574629
12,67.0,3.704090831454958,1.0798871253459001
13,67.0,4.010551174217217,0.9973691460951682
14,67.0,4.308740545053687,0.9283455242140044
15,67.0,4.597786853061769,0.8699837830316799
16,67.0,4.876950787892071,0.8201846141098527
17,67.0,5.145654934844533,0.777354884975561
18,67.0,5.403491860844196,0.7402620570201199
19,67.0,5.650218207808485,0.7079372606304094
20,67.0,5.885740226574703,0.6796086551593973
21,67.0,6.11009475919359,0.6546543315030223
22,67.0,6.323428488051429,0.6325682353423125
23,67.0,6.525977328567907,0.6129350131956066
24,67.0,6.718047129384007,0.5954111251325457
25,67.0,6.899996326361294,0.5797104535719942
26,67.0,7.07222083641344,0.565593198024135
27,67.0,7.23514123805225,0.5528572101623309
28,67.0,7.389192136199744,0.5413311666919514
29,67.0,7.534813523698144,0.5308691432667029
30,67.0,7.672443911072732,0.5213462680681539
31,67.0,7.802514984455131,0.5126552153977478
32,67.0,7.925447558233809,0.5047033584676702
33,67.0,8.0416486062611,0.4974104435358769
34,67.0,8.15150917805557,0.49070667929421935
35,67.0,8.255403030939057,0.4845311591704321
36,67.0,8.353685833274287,0.4788305521458869
37,67.0,8.446694816653691,0.4735580113671813
38,67.0,8.53474877537482,0.46867226034129306
39,67.0,8.61814832956026,0.4641368246448016
40,67.0,8.697176383828428,0.459919383426283
41,67.0,8.772098726629977,0.45599121996392544
42,67.0,8.843164726445357,0.45232675447490617
43,67.0,8.910608090237153,0.44890314549717125
44,67.0,8.974647657117375,0.44569994865790485
45,67.0,9.035488206362986,0.44269882364332164
46,67.0,9.093321263912133,0.43988328179654773
47,67.0,9.14832589549251,0.4372384680754375
48,67.0,9.200669477741233,0.43475097216316927
49,67.0,9.250508441217438,0.4324086643905132
50,67.0,9.297988981206815,0.4302005528383437
51,67.0,9.343247733774101,0.4281166585726658
52,67.0,9.386412415720255,0.42614790644622075
53,67.0,9.427602428016117,0.42428602929978815
54,67.0,9.46692942297095,0.42252348372791654
55,67.0,9.50449783589999,0.4208533758502599
56,67.0,9.540405382417646,0.4192693957608702
57,67.0,9.574743522733392,0.4177657595216798
58,67.0,9.607597894490455,0.4163371577294912
59,67.0,9.63904871578318,0.4149787098233373
60,67.0,9.669171160033061,0.41368592341541743
4,68.0,0.9999999172012493,4.0000003311950305
5,68.0,1.376378505685409,2.906177322209838
6,68.0,1.7320093521509783,2.3094563519720084
7,68.0,2.076270508804257,1.9265312410104194
8,68.0,2.413231330034348,1.657528621569432
9,68.0,2.744603987742177,1.4574051549384226
10,68.0,3.070835469509557,1.302577112878939
11,68.0,3.391639429124603,1.1793706505624677
12,68.0,3.7063186807407686,1.079238010693817
13,68.0,4.01398364164967,0.996516268401153
14,68.0,4.313703073460864,0.9272775459695278
15,68.0,4.604604245279097,0.8686957199635622
16,68.0,4.8859342368517735,0.8186765940954169
17,68.0,5.157092055685611,0.7756309092039697
18,68.0,5.417639760941313,0.7383288990231793
19,68.0,5.667299314786637,0.7058035543602822
20,68.0,5.9059404363610915,0.6772841756705178
21,68.0,6.13356341584699,0.6521494486655822
22,68.0,6.3502797236456505,0.6298935124236745
23,68.0,6.556292344579685,0.6101009213396257
24,68.0,6.751877070123114,0.5924278476129103
25,68.0,6.937365466787998,0.5765877578671087
26,68.0,7.113129873565462,0.5623403580560518
27,68.0,7.279570533430925,0.549482964912597
28,68.0,7.437104804510017,0.5378437046596837
29,68.0,7.586158301460729,0.5272761048539935
30,68.0,7.727157767796261,0.5176547600296734
31,68.0,7.860525460591776,0.5088718330668522
32,68.0,7.986674829438087,0.5008342126633726
33,68.0,8.106007283839944,0.49346118994666593
34,68.0,8.218909862089216,0.48668254879525047
35,68.0,8.325753636331,0.4804369880157448
36,68.0,8.42689271073306,0.47467081133064976
37,68.0,8.522663690931367,0.46933683471005005
38,68.0,8.61338552245453,0.4643934710192946
39,68.0,8.699359613247843,0.45980396004190804
40,68.0,8.780870170616927,0.4555357182463578
41,68.0,8.858184695951858,0.45155978761968896
42,68.0,8.931554591631773,0.44785036680486884
43,68.0,9.001215843749723,0.4443844108879497
44,68.0,9.067389751958462,0.4411412886642533
45,68.0,9.130283684035826,0.43810248820569997
46,68.0,9.190091837907044,0.435251363158408
47,68.0,9.246995998024031,0.4325729135012874
48,68.0,9.301166276350392,0.43005359555506484
49,68.0,9.352761830876059,0.427681156895805
50,68.0,9.4019315567071,0.4254444925358451
51,68.0,9.448814746445201,0.4233335193183743
52,68.0,9.493541717873157,0.4213390659535778
53,68.0,9.53623440796711,0.4194527765234225
54,68.0,9.577006933022066,0.4176670256140018
55,68.0,9.615966115251798,0.4159748435111097
56,68.0,9.653211976646938,0.4143698501262383
57,68.0,9.688838201177314,0.4128461965144542
58,68.0,9.722932566632627,0.41139851300905733
59,68.0,9.75557734752965,0.41002186313584993
60,68.0,9.786849690591291,0.4087117025865279
4,69.0,0.9999999355162675,4.000000257934946
5,69.0,1.3763791246804242,2.90617601522309
6,69.0,1.7320157162507592,2.309447866130612
7,69.0,2.076303905761813,1.9265002531179882
8,69.0,2.4133467246562503,1.657449366530517
9,69.0,2.7449060183807057,1.4572447920674925
10,69.0,3.071486493217882,1.3023010222679994
11,69.0,3.3928578744332842,1.1789471142135972
12,69.0,3.7083695804399643,1.078641142214697
13,69.0,4.017164578292787,0.9957271906693747
14,69.0,4.318328596853008,0.9262843042826823
15,69.0,4.610991016065251,0.8674924731068692
16,69.0,4.8943882641404395,0.8172625023042561
17,69.0,5.167898665105304,0.7740089849301435
18,69.0,5.431056411458708,0.736504962747322
19,69.0,5.683551059412349,0.7037853549983908
20,69.0,5.9252176499330105,0.6750806867061201
21,69.0,6.156021347183103,0.6497703263862683
22,69.0,6.376039431371822,0.6273486924059674
23,69.0,6.585442616947054,0.6074003271558929
24,69.0,6.784476988804686,0.5895811875551419
25,69.0,6.97344733966857,0.5736043889291218
26,69.0,7.152702323884485,0.5592292002203277
27,69.0,7.322621588019748,0.546252452338141
28,69.0,7.483604870492761,0.5345017634177442
29,69.0,7.6360629584254625,0.5238301493554985
30,69.0,7.7804103317360696,0.5141117022689813
31,69.0,7.917059297940201,0.5052381003437336
32,69.0,8.046415415499247,0.4971157706194338
33,69.0,8.168874011031901,0.4896635686384782
34,69.0,8.284817610754077,0.48281087018835694
35,69.0,8.39461412533491,0.47649599377391477
36,69.0,8.498615647439205,0.47066489013481577
37,69.0,8.597157740981496,0.46527004860368415
38,69.0,8.690559119607926,0.4602695804663555
39,69.0,8.779121628656544,0.45562644751877235
40,69.0,8.86313045962626,0.45130781028452466
41,69.0,8.942854538997342,0.4472844752821478
42,69.0,9.018547044192303,0.4435304246237636
43,69.0,9.09044600870497,0.44002241432044353
44,69.0,9.158774986146089,0.4367396301416458
45,69.0,9.223743749348932,0.4336633918610699
46,69.0,9.285549005934406,0.43077689832271576
47,69.0,9.344375116024494,0.4280650070586823
48,69.0,9.400394801268893,0.4255140432463611
49,69.0,9.453769837148238,0.4231116336556183
50,69.0,9.504651722754705,0.42084656194437514
51,69.0,9.553182324026691,0.4187086422437282
52,69.0,9.59949448781273,0.41668860845519484
53,69.0,9.643712625231176,0.4147780170817889
54,69.0,9.685953263634852,0.412969161746597
55,69.0,9.726325567132397,0.41125499782949543
56,69.0,9.764931826099989,0.4096290758844507
57,69.0,9.80186791647122,0.4080854826944091
58,69.0,9.837223729845526,0.40661878898456366
59,69.0,9.871083575628436,0.4052240029530236
60,69.0,9.903526556527344,0.4038965288949145
4,70.0,0.9999999497800184,4.000000200879937
5,70.0,1.3763796314708865,2.9061749451532832
6,70.0,1.7320211033631938,2.309440683045318
7,70.0,2.076332857280898,1.9264733908022231
8,70.0,2.413448564635238,1.6573794273525564
9,70.0,2.7451763154355606,1.4571013080321378
10,70.0,3.0720756826501927,1.302051255634859
11,70.0,3.3939708193113995,1.178560515971542
12,70.0,3.7102574984276853,1.0780922891996312
13,70.0,4.020112238342878,0.9949970953171277
14,70.0,4.3226396758443695,0.925360497279629
15,70.0,4.616973823811499,0.8663683513583011
16,70.0,4.902343233552766,0.8159363409365299
17,70.0,5.1781083083493735,0.7724828763334772
18,70.0,5.443777934990851,0.7347838298636851
19,70.0,5.699011503108204,0.7018761056752432
20,70.0,5.943611232065283,0.6729915271746469
21,70.0,6.177508617297845,0.6475102258537476
22,70.0,6.400747821784527,0.6249269790611437
23,70.0,6.613468013107917,0.6048263924573289
24,70.0,6.815885989353809,0.5868642765222113
25,70.0,7.008279935295901,0.5707534569009926
26,70.0,7.190974781819088,0.5562528198698713
27,70.0,7.364329381422769,0.5431587579570226
28,70.0,7.528725537023791,0.531298422333145
29,70.0,7.684558809191053,0.5205243527079048
30,70.0,7.832230961055411,0.510710169285022
31,70.0,7.972143866717232,0.5017470917326934
32,70.0,8.10469469751771,0.4935411078748114
33,70.0,8.230272203259869,0.4860106569033852
34,70.0,8.349253916750234,0.47908472300443744
35,70.0,8.462004125958725,0.4727012585268398
36,70.0,8.568872476007892,0.46680587337478263
37,70.0,8.670193081378212,0.4613507406877911
38,70.0,8.766284046092897,0.45629367916532276
39,70.0,8.85744730562444,0.45159738037165825
40,70.0,8.943968718559411,0.4472287555858394
41,70.0,9.026118348584538,0.44315838165663696
42,70.0,9.104150888160111,0.43936002919305456
43,70.0,9.178306184443514,0.4358102594986073
44,70.0,9.248809835771526,0.43248807911794673
45,70.0,9.315873833474331,0.4293746428410152
46,70.0,9.37969722914551,0.4264529976053822
47,70.0,9.440466811890357,0.4237078610309781
48,70.0,9.498357783664726,0.4211254293746651
49,70.0,9.553534423727594,0.41869321055309305
50,70.0,9.606150735575945,0.4163998785888484
51,70.0,9.656351071607064,0.41423514641688536
52,70.0,9.704270732244227,0.41218965446927025
53,70.0,9.750036537436703,0.410254872855236
54,70.0,9.793767369362516,0.40842301528552266
55,70.0,9.835574685871148,0.4066869631670857
56,70.0,9.875563004743954,0.4050401985262519
57,70.0,9.913830359255128,0.4034767446132232
58,70.0,9.9504687258134,0.40199111320487274
59,70.0,9.985564424676125,0.40057825776130196
60,70.0,10.019198494871326,0.3992335317089025
4,71.0,0.9999999608886387,4.000000156445451
5,71.0,1.3763800463959623,2.9061740690545177
6,71.0,1.7320256634685143,2.3094346027123485
7,71.0,2.076357955039602,1.9264501047574474
8,71.0,2.413538441670401,1.6573177086964543
9,71.0,2.7454182104232703,1.4569729248584342
10,71.0,3.072608900605316,1.3018252987589747
11,71.0,3.39498736838861,1.1782076237587158
12,71.0,3.711995313255993,1.0775875674507203
13,71.0,4.0228435765325905,0.9943215349794237
14,71.0,4.326657403833012,0.9245012088214739
15,71.0,4.622577743719944,0.8653180588329198
16,71.0,4.909827864773011,0.8146925126844393
17,71.0,5.187752878953628,0.7710467505550885
18,71.0,5.455838842806178,0.7331594856901279
19,71.0,5.7137171767721995,0.7000696527754433
20,71.0,5.961159129629411,0.6710104382415084
21,71.0,6.198064008127088,0.645362809218343
22,71.0,6.42444397400032,0.6226219757208519
23,71.0,6.640407427578922,0.6023726772226672
24,71.0,6.846142363062397,0.5842706429217068
25,71.0,7.041900588576332,0.5680284675544793
26,71.0,7.227983336981338,0.5534047068888985
27,71.0,7.40472852964806,0.5401953608406109
28,71.0,7.572499773596169,0.5282271534622187
29,71.0,7.731677053180243,0.5173521827783397
30,71.0,7.88264900455033,0.5074436268430783
31,71.0,8.025806621241687,0.49839227242446976
32,71.0,8.16153822221489,0.4901036901490457
33,71.0,8.29022551175683,0.482495921772861
34,71.0,8.41224056821743,0.4754975761288301
35,71.0,8.52794361157657,0.4690462533746182
36,71.0,8.637681415537827,0.46308723459105944
37,71.0,8.741786246382272,0.45757238706853215
38,71.0,8.840575227012748,0.4524592458393242
39,71.0,8.93435003977691,0.44771023993815673
40,71.0,9.023396895405225,0.443292038061279
41,71.0,9.107986707585923,0.43917499315940506
42,71.0,9.188375423311548,0.43533266934780673
43,71.0,9.264804468245726,0.4317414375780553
44,71.0,9.337501274096324,0.4283801289641181
45,71.0,9.406679861486971,0.42522973662332075
46,71.0,9.472541457243107,0.42227315848181696
47,71.0,9.535275129497732,0.4194949747832498
48,71.0,9.595058427711356,0.41688125508935464
49,71.0,9.652058017713415,0.4144193904200759
50,71.0,9.706430304316964,0.41209794688588947
51,71.0,9.75832203602931,0.40990653774607455
52,71.0,9.807870887959709,0.40783571130717683
53,71.0,9.855206020280132,0.40587685247459704
54,71.0,9.900448610584942,0.4040220961021352
55,71.0,9.943712359268673,0.40226425056146603
56,71.0,9.985103967638866,0.400596730185661
57,71.0,10.024723588936581,0.3990134954358695
58,71.0,10.062665252778581,0.3975089998045487
59,71.0,10.09901726378538,0.39607814260738217
60,71.0,10.133862575336547,0.39471622693355496
4,72.0,0.9999999695400411,4.0000001218398396
5,72.0,1.3763803861079753,2.9061733517657125
6,72.0,1.7320295235237142,2.309429455834119
7,72.0,2.0763797119774257,1.9264299188276253
8,72.0,2.4136177606553564,1.6572632440829826
9,72.0,2.7456346856324867,1.4568580521405223
10,72.0,3.0730914558549394,1.3016208783435614
11,72.0,3.395915845591929,1.1778854900636606
12,72.0,3.713594897071813,1.0771234102982044
13,72.0,4.0253743370295485,0.9936964031404163
14,72.0,4.330401496683035,0.9237018791592158
15,72.0,4.6278263534426225,0.8643366657490109
16,72.0,4.9168693109568435,0.8135257919274619
17,72.0,5.196862685296888,0.7696951492131808
18,72.0,5.467272088494036,0.7316262910013325
19,72.0,5.727703120659123,0.6983602180030055
20,72.0,5.977897897711565,0.669131535607402
21,72.0,6.217725032473297,0.6433221120440692
22,72.0,6.447165836779132,0.6204276578680835
23,72.0,6.666298772532948,0.6000331122993078
24,72.0,6.875283570248984,0.5817941847968232
25,72.0,7.0743459533850395,0.5654232951508429
26,72.0,7.263763542752195,0.5506787186087867
27,72.0,7.443853249400922,0.5373561065731539
28,72.0,7.614960277587966,0.5252817945449608
29,72.0,7.777448734001754,0.5143074723864965
30,72.0,7.931693760055348,0.5043059050192185
31,72.0,8.078075058169784,0.49516747135873523
32,72.0,8.216971660632883,0.4867973464194611
33,72.0,8.348757783228649,0.47911319310704825
34,72.0,8.473799609740837,0.47204326090056503
35,72.0,8.592452863555653,0.46552481154313313
36,72.0,8.705061036051772,0.45950280916286623
37,72.0,8.81195415631697,0.4539288254390821
38,72.0,8.913448001692002,0.44876012057743503
39,72.0,9.009843662921153,0.4439588687272658
40,72.0,9.1014273908347,0.4394915026216735
41,72.0,9.1884706632823,0.4353281570549328
42,72.0,9.271230421413529,0.4314421946370031
43,72.0,9.349949433393855,0.4278098003090564
44,72.0,9.424856751340862,0.4244096335396212
45,72.0,9.496168233785399,0.42122252907955327
46,72.0,9.564087111437015,0.4182312387364899
47,72.0,9.628804578594972,0.41542020791366785
48,72.0,9.690500396320552,0.41277538170462136
49,72.0,9.749343496589326,0.41028403619170306
50,72.0,9.805492579177193,0.40793463129984353
51,72.0,9.859096695092115,0.4057166821369356
52,72.0,9.910295812024414,0.4036206462320427
53,72.0,9.959221358619548,0.4016378244809333
54,72.0,10.005996745436397,0.39976027394015967
55,72.0,10.050737861290257,0.39798073088800096
56,72.0,10.093553544333101,0.3962925428028021
57,72.0,10.134546027729073,0.3946896081043614
58,72.0,10.173811360168115,0.39316632266846974
59,72.0,10.211439801749153,0.39171753226365064
60,72.0,10.247516195974761,0.3903384901768885
4,73.0,0.9999999762777602,4.000000094888962
5,73.0,1.37638066424071,2.9061727644994404
6,73.0,1.732032790996621,2.309425099104722
7,73.0,2.0763985727704597,1.9264124202623354
8,73.0,2.4136877615789216,1.6572151807172386
9,73.0,2.7458284106267854,1.456755267197096
10,73.0,3.073528155162654,1.3014359387862242
11,73.0,3.39676386025432,1.1775914265940508
12,73.0,3.7150671925379215,1.076696542133718
13,73.0,4.027719136773096,0.9931179072244586
14,73.0,4.333890377701393,0.9229582779898365
15,73.0,4.632741815160063,0.863419581663391
16,73.0,4.9234932340438435,0.8124312982379495
17,73.0,5.205466516193424,0.7684229621987964
18,73.0,5.478109121875276,0.7301789560976677
19,73.0,5.741002925594334,0.6967423726902042
20,73.0,5.9938627279360945,0.6673492840196135
21,73.0,6.2365279499008786,0.6413825179864021
22,73.0,6.468950232932986,0.6183383479496057
23,73.0,6.6911789719766634,0.5978019743235693
24,73.0,6.903346225631816,0.5794291448324261
25,73.0,7.105651980617899,0.5629321575150047
26,73.0,7.2983503884658365,0.5480690549362385
27,73.0,7.481737325764881,0.5346351824228296
28,73.0,7.656139438676962,0.5224565242102265
29,73.0,7.821904701688321,0.5113843945371285
30,73.0,7.979394435440443,0.5012911734547196
31,73.0,8.128976677035272,0.4920668564962404
32,73.0,8.271020768859746,0.48361624420772015
33,73.0,8.405893021276977,0.47585663889312046
34,73.0,8.533953304869467,0.46871594642047115
35,73.0,8.655552435168515,0.46213110370027166
36,73.0,8.771030224016485,0.4560467696311614
37,73.0,8.880714084839088,0.45041423040841844
38,73.0,8.984918092783671,0.4451904801683881
39,73.0,9.083942414028325,0.44033744575734024
40,73.0,9.178073031059549,0.43582133051933514
41,73.0,9.26758170207059,0.43161205680078424
42,73.0,9.352726102731557,0.4276827906712418
43,73.0,9.43375010741534,0.42400953538676256
44,73.0,9.51088417458682,0.42057078254491215
45,73.0,9.584345807569889,0.41734721182959905
46,73.0,9.65434006741006,0.4143214318193235
47,73.0,9.721060119166797,0.41147775561158084
48,73.0,9.784687796814952,0.4088020060591053
49,73.0,9.84539417511603,0.4062813462674651
50,73.0,9.903340139436503,0.40390413170516415
51,73.0,9.958676946628872,0.40165978085613535
52,73.0,10.01154677182883,0.39953866182351283
53,73.0,10.062083237425101,0.39753199269136685
54,73.0,10.110411921583845,0.39563175378252846
55,73.0,10.156650844605975,0.39383061022761573
56,73.0,10.200910932103488,0.39212184349257684
57,73.0,10.243296454534557,0.3904992907072663
58,73.0,10.283905443065208,0.3889572908021376
59,73.0,10.32283008205156,0.38749063659924543
60,73.0,10.360157078680587,0.3860945321216518
4,74.0,0.9999999815251011,4.0000000738995976
5,74.0,1.376380891956575,2.9061722836865718
6,74.0,1.7320355568575405,2.3094214112193305
7,74.0,2.0764149229137385,1.926397251271428
8,74.0,2.4137495388633434,1.6571727661038256
9,74.0,2.7460017749530126,1.4566632973383438
10,74.0,3.073923350479791,1.3012686212151852
11,74.0,3.3975383677646422,1.1773229812358934
12,74.0,3.7164222841412715,1.0763039542273793
13,74.0,4.029891543520086,0.9925825439227638
14,74.0,4.337141258046355,0.9222664796953792
15,74.0,4.637344954100332,0.862562530842828
16,74.0,4.9297238776784695,0.8114044719850922
17,74.0,5.213591705302109,0.7672254035413029
18,74.0,5.488379942880653,0.7288125169228981
19,74.0,5.75364877517907,0.6952110141404153
20,74.0,6.009087478634232,0.6656584738069307
21,74.0,6.2545077851417785,0.6395387354864931
22,74.0,6.489832866721775,0.6163486921999163
23,74.0,6.715083959217418,0.5956738626490924
24,74.0,6.930366087140827,0.5771700873669473
25,74.0,7.135853899704817,0.5605495931139319
26,74.0,7.331778274977629,0.5455702354845428
27,74.0,7.518414083113278,0.5320270945150778
28,74.0,7.696069306279962,0.5197458391826092
29,74.0,7.865075577719655,0.5085774396537626
30,74.0,8.025780112135074,0.4983939186113451
31,74.0,8.178538943052942,0.4890849120915052
32,74.0,8.323711350757835,0.4805548668666675
33,74.0,8.461655349575095,0.4727207425436988
34,74.0,8.59272410015194,0.46551011685913085
35,74.0,8.717263116804641,0.4588596152717966
36,74.0,8.835608148963074,0.4527136030211379
37,74.0,8.948083627130734,0.44702309082940794
38,74.0,9.055001576137151,0.44174481543341637
39,74.0,9.156660910834546,0.43684046389301495
40,74.0,9.253347041185243,0.43227601668851356
41,74.0,9.345331724557758,0.42802118939114375
42,74.0,9.43287311283027,0.4240489564689826
43,74.0,9.516215950538351,0.42033514379985376
44,74.0,9.595591887823383,0.4168580788722289
45,74.0,9.671219878406347,0.4135982895943766
46,74.0,9.743306638321162,0.41053824420014634
47,74.0,9.81204714579498,0.4076621260135534
48,74.0,9.877625166563805,0.4049556378733803
49,74.0,9.940213792159959,0.4024058318700226
50,74.0,9.999975981396261,0.40000096074645713
51,74.0,10.05706509748312,0.39773034789255163
52,74.0,10.11162543502358,0.39558427333999363
53,74.0,10.16379273260196,0.3935538735623142
54,74.0,10.213694667870282,0.3916310532155416
55,74.0,10.261451332990639,0.3898084072318281
56,74.0,10.307175689052047,0.38807915191051534
57,74.0,10.35097399868106,0.38643706384632864
58,74.0,10.392946236535536,0.38487642569903163
59,74.0,10.43318647773443,0.3833919779481025
60,74.0,10.471783264553363,0.3819788758940291
4,75.0,0.9999999856117342,4.000000057553064
5,75.0,1.3763810783945847,2.906171890030349
6,75.0,1.7320378981117142,2.309418289496345
7,75.0,2.0764290965957803,1.9263841017051027
8,75.0,2.4138040584387586,1.6571353362406676
9,75.0,2.7461569174454215,1.456581004016679
10,75.0,3.07428098175413,1.3011172445654826
11,75.0,3.3982457251862384,1.1770779171011192
12,75.0,3.717669464256393,1.0759428826198991
13,75.0,4.03190414886975,0.9920870765544628
14,75.0,4.3401702127183635,0.9216228405693551
15,75.0,4.641655333525172,0.8617615295796085
16,75.0,4.935584137650953,0.8104410518475659
17,75.0,5.221264194167325,0.7660979891552703
18,75.0,5.498113155139563,0.7275223130431308
19,75.0,5.765671488682576,0.6937613438177307
20,75.0,6.0236047065296985,0.6640541992511438
21,75.0,6.27169834867964,0.6377857762948862
22,75.0,6.509848333916936,0.614453639289815
23,75.0,6.7380486773242225,0.5936436780964988
24,75.0,6.956378047904514,0.5750118772232239
25,75.0,7.164986203355704,0.558270439952363
26,75.0,7.36408099342314,0.5431770785210537
27,75.0,7.55391635909398,0.5295266468213532
28,75.0,7.734781559892126,0.5171445333041553
29,75.0,7.906991722735335,0.5058813946268107
30,75.0,8.07087971111031,0.49560892284067015
31,75.0,8.226789252138758,0.4862164177792814
32,75.0,8.375069222667154,0.4776079926807036
33,75.0,8.51606897678381,0.4697002820085947
34,75.0,8.650134590689094,0.4624205505779707
35,75.0,8.777605902490514,0.45570512557018084
36,75.0,8.898814231224033,0.44949808997752266
37,75.0,9.014080669033683,0.4437501889395453
38,75.0,9.12371485145209,0.43841791037160455
39,75.0,9.228014122088537,0.4334627089945
40,75.0,9.327263019087647,0.4288503488980911
41,75.0,9.421733021070612,0.4245503445124654
42,75.0,9.511682499696166,0.4205354836147835
43,75.0,9.597356834388487,0.41678141899106197
44,75.0,9.678988652165224,0.41326631776814676
45,75.0,9.756798161902864,0.40997055936021143
46,75.0,9.830993557871082,0.4068764745347068
47,75.0,9.901771472039771,0.40396811937086624
48,75.0,9.969317458604463,0.4012310789188102
49,75.0,10.03380649747886,0.39865229621530557
50,75.0,10.095403506253806,0.3962199230097259
51,75.0,10.154263852398516,0.3939231891295762
52,75.0,10.210533859353884,0.3917522878919396
53,75.0,10.264351301701176,0.3896982753636905
54,75.0,10.31584588583724,0.3877529816039277
55,75.0,10.365139713596577,0.3859089322986124
56,75.0,10.412347727071248,0.384159279429396
57,75.0,10.457578133526148,0.382497739813803
58,75.0,10.50093280981825,0.38091854051861435
59,75.0,10.542507686128548,0.3794163702875983
60,75.0,10.582393109124679,0.37798633624288597
4,76.0,0.9999999887944073,4.000000044822372
5,76.0,1.3763812310371357,2.9061715677319326
6,76.0,1.7320398799430587,2.3094156470181857
7,76.0,2.076441383525786,1.9263727027092967
8,76.0,2.4138521728179976,1.6571023052046678
9,76.0,2.7462957524765446,1.456507368659364
10,76.0,3.0746046157501827,1.3009802884928106
11,76.0,3.3988917422420135,1.1768541934676262
12,76.0,3.7188172943143236,1.0756107879017274
13,76.0,4.03376863653432,0.991628514281044
14,76.0,4.342992252294114,0.9210239778546844
15,76.0,4.645691326231132,0.8610128652789861
16,76.0,4.941095629798873,0.8095370540648329
17,76.0,5.228508593740401,0.7650365163000443
18,76.0,5.507336019056597,0.7263039673190664
19,76.0,5.777100564349819,0.6923888472158141
20,76.0,6.037445699643026,0.6625318386278003
21,76.0,6.2881322592064945,0.6361189356574958
22,76.0,6.529030134234496,0.6126484206323831
23,76.0,6.760107082303279,0.5917066033571076
24,76.0,6.981416131158825,0.5729496601910838
25,76.0,7.193082635317176,0.5560898161186801
26,76.0,7.395291706978979,0.5408846815637005
27,76.0,7.588276481530491,0.527128921796117
28,76.0,7.7723074822003255,0.5146476782037459
29,76.0,7.947683206839739,0.5032913235089213
30,76.0,8.114721961246104,0.4929312451003258
31,76.0,8.273754898095357,0.48345642930766686
32,76.0,8.425120180050717,0.47477067561259656
33,76.0,8.569158163189718,0.46679031053279924
34,76.0,8.706207487197998,0.45944230089643295
35,76.0,8.836601957722403,0.45266268856937214
36,76.0,8.960668110798894,0.44639528554566427
37,76.0,9.078723357143884,0.4405905811473451
38,76.0,9.191074613739998,0.43520482295076646
39,76.0,9.298017340470404,0.4301992407122821
40,76.0,9.399834909839528,0.42553938854956835
41,76.0,9.496798247608561,0.42119458534430393
42,76.0,9.589165691209764,0.41713743706261497
43,76.0,9.677183020953803,0.4133434276626662
44,76.0,9.761083626268714,0.40979056764100746
45,76.0,9.841088775524437,0.40645909118799084
46,76.0,9.91740796345516,0.40333119447537846
47,76.0,9.990239314865054,0.4003908088616225
48,76.0,10.05977002727136,0.3976234038309294
49,76.0,10.126176838484682,0.39501581532705826
50,76.0,10.189626507929384,0.392556095837985
51,76.0,10.250276302840938,0.39023338316171746
52,76.0,10.308274482409875,0.3880377852593694
53,76.0,10.363760774533553,0.3859602789972765
54,76.0,10.41686684114032,0.38399262091000536
55,76.0,10.46771672911198,0.3821272683923055
56,76.0,10.51642730468946,0.3803573099598501
57,76.0,10.563108669937032,0.37867640341371633
58,76.0,10.607864560391498,0.37707872090821404
59,76.0,10.65079272345855,0.37555890006101916
60,76.0,10.69198527745972,0.37411200036279413
4,77.0,0.9999999912730757,4.000000034907697
5,77.0,1.3763813560102989,2.9061713038563344
6,77.0,1.7320415575288457,2.3094134102110786
7,77.0,2.076452034852695,1.9263628212263342
8,77.0,2.413894634405231,1.6570731559646454
9,77.0,2.746419993470241,1.4564414800031356
10,77.0,3.0748974812451997,1.300856377943428
11,77.0,3.3994817280357594,1.176649948435294
12,77.0,3.7198736614098142,1.0753053367097472
13,77.0,4.035495846116669,0.9912040930110666
14,77.0,4.34562139057156,0.9204667504349471
15,77.0,4.649470182630945,0.8603130771636788
16,77.0,4.94627875533532,0.8086887532744463
17,77.0,5.2353482442602735,0.7640370446006841
18,77.0,5.516074504185086,0.725153367120979
19,77.0,5.787964222884549,0.6910892752558376
20,77.0,6.050640511144826,0.6610870357662632
21,77.0,6.303840967670514,0.6345337740139941
22,77.0,6.547410685859155,0.6109285321965591
23,77.0,6.7812921487241375,0.5898580849009105
24,77.0,7.005513487836438,0.5709788450118806
25,77.0,7.22017618092553,0.554003101831132
26,77.0,7.425442935440449,0.5386884034767329
27,77.0,7.6215262480841774,0.5248292625122796
28,77.0,7.808677934843854,0.5122506054643661
29,77.0,7.987179782398913,0.5008025497078041
30,77.0,8.1573353700075,0.4903562031673981
31,77.0,8.319463041907557,0.4808002607681332
32,77.0,8.473889966044567,0.47203822754700175
33,77.0,8.620947189043424,0.4639861389110119
34,77.0,8.760965584577383,0.45657067835553594
35,77.0,8.894272588611894,0.4497276151758094
36,77.0,9.021189617356283,0.4434005014487463
37,77.0,9.14203006987986,0.4375395803147436
38,77.0,9.257097825611744,0.4321008673942219
39,77.0,9.366686156202908,0.42704537477761834
40,77.0,9.471076980710329,0.4223384529707413
41,77.0,9.57054040226401,0.41794923085573715
42,77.0,9.665334472992486,0.41385013743467064
43,77.0,9.755705141843244,0.4100164920773979
44,77.0,9.841886346971036,0.4064261523636727
45,77.0,9.92410022056979,0.4030592105175598
46,77.0,10.002557379426085,0.39989773097702613
47,77.0,10.077457279129208,0.39692552289793875
48,77.0,10.148988613853243,0.3941279424178336
49,77.0,10.217329747003305,0.39149172034632446
50,77.0,10.282649160863794,0.38900481164174816
51,77.0,10.34510591576986,0.3866562636060096
52,77.0,10.404850111308633,0.3844361002041301
53,77.0,10.462023343701194,0.3823352203097745
54,77.0,10.516759154871316,0.3803453080074785
55,77.0,10.569183469817286,0.3784587533580917
56,77.0,10.61941501980808,0.37666858226549377
57,77.0,10.667565749657829,0.37496839427760764
58,77.0,10.713741207922126,0.3733523073193383
59,77.0,10.758040919330332,0.3718149084944169
60,77.0,10.800558739140502,0.3703512102114002
4,78.0,0.9999999932034646,4.000000027186142
5,78.0,1.3763814583296794,2.906171087813285
6,78.0,1.7320429775758264,2.3094115167964335
7,78.0,2.0764612682968058,1.9263542552281534
8,78.0,2.413932107244841,1.657047432276556
9,78.0,2.7465311739603107,1.456382522770449
10,78.0,3.0751625009331636,1.3007442692170552
11,78.0,3.400020533852714,1.176463483138857
12,78.0,3.7208458306617507,1.075024384788499
13,78.0,4.037095832649419,0.9908112578479283
14,78.0,4.348070708297786,0.9199482410362984
15,78.0,4.653008095494549,0.8596589384559961
16,78.0,4.951152763591283,0.8078926647980518
17,78.0,5.2418052733985805,0.7630958784942725
18,78.0,5.524353340735476,0.7240666469512007
19,78.0,5.798289450895948,0.6898586270787022
20,78.0,6.063217993914749,0.6597156829944982
21,78.0,6.318854782656752,0.6330261000741351
22,78.0,6.565021341800599,0.6092897176938824
23,78.0,6.801635877548029,0.5880938162543904
24,78.0,7.028702396606352,0.5690950867305619
25,78.0,7.246299060249464,0.5520059228499872
26,78.0,7.454566542435818,0.5365838479312816
27,78.0,7.653696908524581,0.522623256160674
28,78.0,7.843923336696039,0.5099488901538463
29,78.0,8.025510859227829,0.49841063954212356
30,78.0,8.198748196350907,0.4878793572145949
31,78.0,8.363940683089243,0.47824346818808255
32,78.0,8.521404241871192,0.4694062018963263
33,78.0,8.671460324571338,0.46128331910435566
34,78.0,8.81443173196038,0.45380123434348474
35,78.0,8.950639212340064,0.44689545686136933
36,78.0,9.080398741376317,0.4405092897268209
37,78.0,9.204019389535173,0.4345927394012162
38,78.0,9.321801690405845,0.42910159782919083
39,78.0,9.434036431373533,0.42399666665455377
40,78.0,9.541003796759876,0.41924309907081264
41,78.0,9.64297280213251,0.41480983946313876
42,78.0,9.740200966651084,0.4106691446814466
43,78.0,9.832934177861727,0.40679617372053245
44,78.0,9.921406710175297,0.40316863493738636
45,78.0,10.005841364332914,0.3997664818331525
46,78.0,10.086449700488561,0.39657164996383715
47,78.0,10.163432342162645,0.39356782879403246
48,78.0,10.236979332298572,0.390740263329403
49,78.0,10.30727052604994,0.38807558120170166
50,78.0,10.374476007804454,0.38556164157022504
51,78.0,10.438756522375472,0.3831874027740757
52,78.0,10.500263912323373,0.380942806142758
53,78.0,10.559141555061027,0.37881867376640943
54,78.0,10.615524794800212,0.37680661835572316
55,78.0,10.669541365551915,0.3748989635969313
56,78.0,10.72131180234169,0.3730886736384574
57,78.0,10.770949838574392,0.37136929054062207
58,78.0,10.818562788109123,0.36973487868429916
59,78.0,10.86425191110973,0.36817997527373425
60,78.0,10.908112763139075,0.36669954618702555
4,79.0,0.999999994706853,4.000000021172588
5,79.0,1.3763815421017085,2.9061709109322083
6,79.0,1.732044179620554,2.3094099140567517
7,79.0,2.0764692725986675,1.9263468295844635
8,79.0,2.413965177392905,1.6570247315332116
9,79.0,2.746630666449152,1.456329767544322
10,79.0,3.0754023203396903,1.3006428373762118
11,79.0,3.400512592357098,1.1762932473740264
12,79.0,3.721740493624031,1.0747659614776137
13,79.0,4.038577922141837,0.9904476469476223
14,79.0,4.3503524131537175,0.9194657398112409
15,79.0,4.656320261440275,0.859047439911862
16,79.0,4.9557358121782595,0.8071455282524085
17,79.0,5.247900652597741,0.7622095509792048
18,79.0,5.532196070082221,0.723040172352487
19,79.0,5.808102044123337,0.6886931341103446
20,79.0,6.075205835587746,0.6584139053476235
21,79.0,6.333202896865023,0.6315919551511647
22,79.0,6.581892407842132,0.6077279530176029
23,79.0,6.82116930592522,0.5864097225273962
24,79.0,7.051014266145373,0.5672942712944911
25,79.0,7.271482723624264,0.5500941351348372
26,79.0,7.482693725102259,0.5345668481099479
27,79.0,7.6848191494575,0.5205067187927741
28,79.0,7.878073644540935,0.507738335598294
29,79.0,8.06270548206562,0.49611138703967916
30,79.0,8.238988425779635,0.4854964946284034
31,79.0,8.407214633020029,0.4757818343651737
32,79.0,8.56768855907176,0.46687037844818297
33,79.0,8.72072180163095,0.4586776290985363
34,79.0,8.866628804236697,0.451129745962603
35,79.0,9.005723328912527,0.4441619905375234
36,79.0,9.138315606433652,0.43771742761695365
37,79.0,9.264710075321734,0.4317458363489149
38,79.0,9.385203626169249,0.42620279317612175
39,79.0,9.500084274982719,0.4210488964327926
40,79.0,9.609630197044085,0.4162491082362771
41,79.0,9.714109060732506,0.41177219392864983
42,79.0,9.813777608440637,0.4075902429824453
43,79.0,9.908881438923268,0.40367825820253767
44,79.0,9.999654952003059,0.40001380239612655
45,79.0,10.08632142247044,0.39657669356924785
46,79.0,10.16909317524643,0.39334874123651314
47,79.0,10.248171838451803,0.39031351767461014
48,79.0,10.323748654988051,0.3874561589667672
49,79.0,10.396004836638182,0.3847631915197823
50,79.0,10.46511194759686,0.3822223804226513
51,79.0,10.53123230679752,0.37982259658427137
52,79.0,10.594519400474693,0.3775537000593701
53,79.0,10.655118298134255,0.37540643736451174
54,79.0,10.713166066549963,0.373372350914014
55,79.0,10.768792177603261,0.3714436989803859
56,79.0,10.822118906772237,0.3696133848147695
57,79.0,10.873261719886901,0.36787489375741855
58,79.0,10.922329646430207,0.36622223733261317
59,79.0,10.969425638201127,0.3646499034616692
60,79.0,11.014646912588626,0.3631528120459681
4,80.0,0.999999995877693,4.000000016489229
5,80.0,1.3763816106884488,2.9061707661142395
6,80.0,1.7320451971300999,2.309408557367771
7,80.0,2.0764762113760207,1.92634039248122
8,80.0,2.4139943620724464,1.65700469845586
9,80.0,2.746719699294927,1.4562825617141733
10,80.0,3.0756193340238016,1.3005510648701901
11,80.0,3.4009619534805107,1.1761378265071267
12,80.0,3.722563813026746,1.074528255500253
13,80.0,4.039950763371989,0.9901110766660326
14,80.0,4.3524778961698285,0.9190167291877557
15,80.0,4.659420939275386,0.8584757745931544
16,80.0,4.960045024592712,0.8064442923738289
17,80.0,5.253654251551038,0.7613748085571255
18,80.0,5.539625094156098,0.7220705249926948
19,80.0,5.81742665027729,0.6875892452910152
20,80.0,6.086630593892206,0.6571780459313414
21,80.0,6.346913414469987,0.6302275986435572
22,80.0,6.5980531618598315,0.6062394318254473
23,80.0,6.839922518743046,0.5848019460803876
24,80.0,7.072479639434659,0.5655725012903312
25,80.0,7.2957578493877655,0.5482638106383514
26,80.0,7.509855006054272,0.5326334525467259
27,80.0,7.7149230813638825,0.5184756811979595
28,80.0,7.911158336020663,0.5056149592895156
29,80.0,8.098792310236147,0.49390079986918034
30,80.0,8.278083747466312,0.48320361596055217
31,80.0,8.449311490207913,0.4734113548347324
32,80.0,8.612768333509678,0.4644267493457602
33,80.0,8.768755786976259,0.45616505889478365
34,80.0,8.917579675022958,0.4485522020289325
35,80.0,9.059546494204048,0.44152320456206584
36,80.0,9.194960442618159,0.43502090356585005
37,80.0,9.324121037407446,0.42899486010020654
38,80.0,9.447321240499281,0.42340044317034403
39,80.0,9.564846018730902,0.4181980548528197
40,80.0,9.676971271448117,0.4133524723589902
41,80.0,9.783963065952191,0.4088322873907654
42,80.0,9.886077128364812,0.4046094267789323
43,80.0,9.983558544321683,0.4006587412937111
44,80.0,10.076641630234088,0.39695765184288656
45,80.0,10.16554994159455,0.39348584414829674
46,80.0,10.250496389921597,0.39022500451127856
47,80.0,10.33168344444842,0.38715859051501833
48,80.0,10.409303398592337,0.38427163152348165
49,80.0,10.48353868463996,0.38155055466725485
50,80.0,10.554562222997808,0.37898303269123007
51,80.0,10.622537794841302,0.37655785060539376
52,80.0,10.68762042909836,0.37426478855007883
53,80.0,10.749956796475237,0.37209451867858157
54,80.0,10.80968560471665,0.37003851418718947
55,80.0,10.866937990529735,0.36808896889684106
56,80.0,10.921837904628175,0.3662387260211015
57,80.0,10.97450248720029,0.3644812149494024
58,80.0,11.025042431800841,0.36281039503869156
59,80.0,11.073562336234522,0.36122070554579716
60,80.0,11.120161039460314,0.3597070209510319
4,81.0,0.9999999967895441,4.000000012841824
5,81.0,1.3763816668425248,2.90617064754732
6,81.0,1.7320460584338029,2.3094074089559644
7,81.0,2.076482226467522,1.9263348123160848
8,81.0,2.414020117754818,1.6569870195283365
9,81.0,2.746799371832212,1.4562403213787904
10,81.0,3.0758157093178045,1.300468031255089
11,81.0,3.4013723172727115,1.1759959295509526
12,81.0,3.7233214641105565,1.0743096019391218
13,81.0,4.041222376152021,0.9897995278865915
14,81.0,4.354457784745625,0.9185988698782778
15,81.0,4.662323505291647,0.8579413237755975
16,81.0,4.964096545297036,0.8057861009551845
17,81.0,5.259084890791613,0.7605885972679001
18,81.0,5.546661723629578,0.7211544888269324
19,81.0,5.826286811357416,0.6865436133701208
20,81.0,6.097517732106001,0.6560046523421021
21,81.0,6.360013379168302,0.6289294945670507
22,81.0,6.613531874307734,0.60482055216808
23,81.0,6.857924661720893,0.5832668332341027
24,81.0,7.093128199886081,0.5639260827210542
25,81.0,7.319154343636946,0.5465112241385482
26,81.0,7.536080227481398,0.5307799120043104
27,81.0,7.744038227806282,0.5165263758173768
28,81.0,7.943206394730788,0.5035749798284788
29,81.0,8.133799599391493,0.4917750863076647
30,81.0,8.316061533359004,0.4809969219148297
31,81.0,8.490257617412215,0.47112822487230704
32,81.0,8.656668821095487,0.46207150610317643
33,81.0,8.8155863570972,0.4537417975356459
34,81.0,8.967307191056856,0.4460647901065798
35,81.0,9.112130294278417,0.4389752857804978
36,81.0,9.250353561087087,0.43241590427706056
37,81.0,9.382271311948777,0.42633599764971686
38,81.0,9.508172306252634,0.42069073541815966
39,81.0,9.628338193554335,0.4154403303653988
40,81.0,9.743042338160102,0.4105493808985509
41,81.0,9.852548958538776,0.4059863104291782
42,81.0,9.957112529730326,0.4017228878408924
43,81.0,10.056977403376642,0.39773381599296376
44,81.0,10.152377606051594,0.39399637752004946
45,81.0,10.24353678210981,0.3904901290524912
46,81.0,10.330668252262921,0.3871966364928817
47,81.0,10.413975163521789,0.38409924521533845
48,81.0,10.493650710032071,0.3811828800606014
49,81.0,10.569878407712787,0.37843387082686025
50,81.0,10.642832408525964,0.3758397996378862
51,81.0,10.712677842705588,0.37338936713416204
52,81.0,10.779571179403549,0.3710722749011363
53,81.0,10.843660598012866,0.3688791219390445
54,81.0,10.90508636394729,0.36680131330497123
55,81.0,10.963981203929169,0.36483097933135067
56,81.0,11.02047067689909,0.3629609040550988
57,81.0,11.074673537542308,0.3611844616855117
58,81.0,11.126702090154726,0.35949556010305445
59,81.0,11.176662531169447,0.3578885905201853
60,81.0,11.224655279153607,0.3563583825535192
4,82.0,0.9999999974996945,4.000000010001222
5,82.0,1.3763817128175957,2.90617055047294
6,82.0,1.7320467875119818,2.309406436846804
7,82.0,2.076487440831508,1.9263299750073333
8,82.0,2.414042847292984,1.6569714180862398
9,82.0,2.746870667910052,1.4562025241047798
10,82.0,3.075993407833852,1.300392903903147
11,82.0,3.401747063965342,1.1758663783007097
12,82.0,3.724018672800759,1.0741084702971375
13,82.0,4.042400196284575,0.9895111334292074
14,82.0,4.356301992443168,0.9182099879528001
15,82.0,4.665040505626179,0.8574416438991002
16,82.0,4.967905592322509,0.805168279804204
17,82.0,5.264210392372776,0.7598480497275586
18,82.0,5.553326224821469,0.7202890372478692
19,82.0,5.8347050053268905,0.6855530821777851
20,82.0,6.107891654476195,0.6548904640553966
21,82.0,6.372528802736205,0.627694299048519
22,82.0,6.628355829681131,0.6034679040748522
23,82.0,6.875203955862318,0.5818009219332756
24,82.0,7.112988779114456,0.5623515127347054
25,82.0,7.3417013418328585,0.5448328410212064
26,82.0,7.561398547218367,0.5290026673004151
27,82.0,7.772193516663758,0.514655224606015
28,82.0,7.974246297343316,0.5016148048164291
29,82.0,8.167755185236738,0.4897306431551746
30,82.0,8.352948819187297,0.4788728012808752
31,82.0,8.530079120559758,0.4689288274429878
32,82.0,8.699415095181202,0.45980102756743824
33,82.0,8.861237474594416,0.45140422107726913
34,82.0,9.015834147988045,0.443663884488451
35,82.0,9.163496320966317,0.43651460751371685
36,82.0,9.304515329739722,0.429898802704417
37,82.0,9.439180037116003,0.4237656220425412
38,82.0,9.567774738124584,0.41807004339904175
39,82.0,9.69057750691713,0.41277209713712126
40,82.0,9.807858921796141,0.407836208890683
41,82.0,9.919881111143344,0.4032306390755694
42,82.0,10.026897069170412,0.3989270032798836
43,82.0,10.129150196471107,0.39489986054245296
44,82.0,10.226874026109618,0.3911263588255649
45,82.0,10.320292101310818,0.3875859288412918
46,82.0,10.409617975661982,0.3842600188933088
47,82.0,10.495055311070647,0.3811318646201534
48,82.0,10.576798052556429,0.378186288527386
49,82.0,10.655030662309988,0.37540952501893676
50,82.0,10.72992839836479,0.37278906731657113
51,82.0,10.801657625736713,0.37031353321821153
52,82.0,10.870376150035055,0.3679725471125579
53,82.0,10.93623356537715,0.3657566360564516
54,82.0,10.99937160998712,0.36365713804669647
55,82.0,11.059924524163758,0.36166612089086025
56,82.0,11.118019406396208,0.359776310311061
57,82.0,11.173776564318835,0.357981026108324
58,82.0,11.227309857954756,0.35627412537883474
59,82.0,11.278727033324037,0.35464995191227094
60,82.0,11.328130045007743,0.35310329102046123
4,83.0,0.9999999980527601,4.00000000778896
5,83.0,1.376381750458801,2.906170470995163
6,83.0,1.7320474046635759,2.309405613974486
7,83.0,2.0764919610590047,1.9263257816611108
8,83.0,2.4140629062177763,1.6569576499839371
9,83.0,2.7469344680123506,1.4561687024497358
10,83.0,3.076154204945045,1.3003249296052306
11,83.0,3.4020892814796073,1.1757480974339258
12,83.0,3.724660250951722,1.0739234535493334
13,83.0,4.043491117418173,0.9892441664504155
14,83.0,4.3580197657213,0.9178480628891678
15,83.0,4.667583705800912,0.8569744544760421
16,83.0,4.971486507448545,0.8045883246403239
17,83.0,5.269047628635463,0.7591504730876553
18,83.0,5.559637865263459,0.719471321143405
19,83.0,5.84270268704185,0.68461467479277
20,83.0,6.11777574146641,0.6538324007020914
21,83.0,6.384484693938235,0.6265188487017299
22,83.0,6.642551348785674,0.6021782580169652
23,83.0,6.891787713088122,0.5804009302845533
24,83.0,7.13208936618293,0.5608454682250829
25,83.0,7.363427212090297,0.5432253059325751
26,83.0,7.585838436637251,0.5272983380032508
27,83.0,7.799417273260521,0.512858827763143
28,83.0,8.004306002639611,0.49973101961380595
29,83.0,8.200686469135505,0.487764044516833
30,83.0,8.388772287284558,0.47682781973508526
31,83.0,8.568801829386286,0.4668097220176333
32,83.0,8.74103202557039,0.4576118687471554
33,83.0,8.90573296604865,0.44914888142831266
34,83.0,9.063183267536312,0.44134603504352826
35,83.0,9.213666148681398,0.43413771841217136
36,83.0,9.357466150002926,0.42746614691186985
37,83.0,9.49486643010629,0.421280281238798
38,83.0,9.626146570099129,0.415534915334123
39,83.0,9.751580820864682,0.4101899039221947
40,83.0,9.871436732185176,0.40520950582180815
41,83.0,9.985974107932462,0.400561823690546
42,83.0,10.095444237150433,0.3962183244279947
43,83.0,10.200089356494532,0.3921534273082762
44,83.0,10.300142304937774,0.388344149195147
45,83.0,10.395826336756379,0.38476979803493405
46,83.0,10.487355063491474,0.3814117073164405
47,83.0,10.574932499810304,0.3782530054042192
48,83.0,10.65875319195549,0.3752784146478718
49,83.0,10.73900241078866,0.3724740759887999
50,83.0,10.815856394332064,0.36982739546136706
51,83.0,10.889482627222437,0.3673269095448545
52,83.0,10.960040146652329,0.3649621667874796
53,83.0,11.0276798662232,0.36272362351138276
54,83.0,11.09254491070788,0.36060255173172306
55,83.0,11.154770956052284,0.3585909576950754
56,83.0,11.214486570068841,0.35668150967123996
57,83.0,11.271813550215864,0.35486747382575334
58,83.0,11.326867255643096,0.35314265716384924
59,83.0,11.379756931337285,0.35150135667528204
60,83.0,11.430586022741851,0.349938313927366
4,84.0,0.9999999984834881,4.000000006066048
5,84.0,1.3763817812768142,2.9061704059242635
6,84.0,1.7320479270712938,2.309404917428335
7,84.0,2.076495879552285,1.9263221465493314
8,84.0,2.414080608295219,1.6569454997713309
9,84.0,2.7469915601084747,1.4561384381690805
10,84.0,3.0762997074299983,1.3002634269798372
11,84.0,3.402401790590673,1.175640105487242
12,84.0,3.7252506288772786,1.0737532581010598
13,84.0,4.0445015299991995,0.9889970297528338
14,84.0,4.359619727772918,0.9175112165214862
15,84.0,4.669964137555597,0.856537626880733
16,84.0,4.974852804019674,0.8040438898549934
17,84.0,5.273612569070143,0.7584933378420877
18,84.0,5.56561495788576,0.718698657788483
19,84.0,5.850300328350034,0.6837255825340036
20,84.0,6.127192384712525,0.6528275511603137
21,84.0,6.395905087643972,0.6254001498126452
22,84.0,6.656143811654843,0.6009485541757735
23,84.0,6.907702352887111,0.579063745896373
24,84.0,7.150457118159625,0.5594047952321005
25,84.0,7.384359559997295,0.5416854322301534
26,84.0,7.6094276802177925,0.525663711923932
27,84.0,7.825737215258234,0.5111339532588698
28,84.0,8.03341294233838,0.4979203768947141
29,84.0,8.232620405497244,0.4858720313800747
30,84.0,8.423558251142985,0.4748587094363885
31,84.0,8.606451279734499,0.4647676341837604
32,84.0,8.781544259089173,0.4555007504357647
33,84.0,8.949096501342202,0.44697249598326183
34,84.0,9.109377175985424,0.4391079568584548
35,84.0,9.26266131245247,0.43184133210425263
36,84.0,9.409226434713547,0.4251146497275018
37,84.0,9.549349765137382,0.4188766877723065
38,84.0,9.683305933768429,0.41308206384875934
39,84.0,9.811365130841269,0.40769046372826434
40,84.0,9.933791643820102,0.4026659852976114
41,84.0,10.050842724775718,0.3979765786345303
42,84.0,10.162767738966831,0.393593566510716
43,84.0,10.269807550704526,0.3894912324550418
44,84.0,10.372194107697062,0.3856464657783116
45,84.0,10.470150189934401,0.38203845479174176
46,84.0,10.563889293680766,0.3786484209364791
47,84.0,10.653615625249618,0.37545938775187215
48,84.0,10.7395241829208,0.3724559796011494
49,84.0,10.821800908629463,0.36962424588779313
50,84.0,10.900622893929553,0.36695150716823344
51,84.0,10.976158627238629,0.36442622012345277
52,84.0,11.048568271537814,0.3620378588151
53,84.0,11.118003963564377,0.3597768100379072
54,84.0,11.18461012712826,0.35763428090336424
55,84.0,11.248523794540088,0.35560221706083395
56,84.0,11.309874931286576,0.35367323019061647
57,84.0,11.368786760057294,0.3518405335962025
58,84.0,11.425376081039014,0.3500978848861003
59,84.0,11.479753586072524,0.34843953487406587
60,84.0,11.532024164831055,0.34686018194435514
4,85.0,0.9999999988189394,4.000000004724242
5,85.0,1.3763818065084699,2.9061703526487186
6,85.0,1.732048369280003,2.309404327814912
7,85.0,2.076499276413494,1.9263189953568174
8,85.0,2.4140962304315523,1.6569347773203498
9,85.0,2.7470426493666595,1.4561113570341597
10,85.0,3.0764313694524983,1.3002077796105251
11,85.0,3.402687167944625,1.175541506631119
12,85.0,3.725793885368255,1.0735966945752402
13,85.0,4.045437357507945,0.9887682459293017
14,85.0,4.361109919622672,0.9171977028146275
15,85.0,4.672192143089862,0.8561291739501705
16,85.0,4.978017212467297,0.8035327780671627
17,85.0,5.2779203252902995,0.7578742674142186
18,85.0,5.571274903791946,0.7179685205046159
19,85.0,5.8575174572877,0.6828831547097401
20,85.0,6.136163021582812,0.6518731633971823
21,85.0,6.406813074024694,0.624335368268711
22,85.0,6.669157680972316,0.5997758924507582
23,85.0,6.922973419833739,0.5777864159553661
24,85.0,7.168118371834232,0.5580264990764167
25,85.0,7.404525234818141,0.540210192166121
26,85.0,7.632193376658739,0.5240957353403879
27,85.0,7.8511804491867485,0.5094775270913985
28,85.0,8.06159401360719,0.496179786931516
29,85.0,8.263583490849124,0.48405150192159313
30,85.0,8.457332641618697,0.4729623593514488
31,85.0,8.64305269743987,0.4627994459856558
32,85.0,8.820976201662232,0.4534645495638268
33,85.0,8.991351574388514,0.4448719379846998
34,85.0,9.154438383979262,0.4369465206079934
35,85.0,9.310503287147679,0.4296223175734919
36,85.0,9.459816587081539,0.4228411791262906
37,85.0,9.6026493524125,0.416551709137965
38,85.0,9.73927103751767,0.4107083563637545
39,85.0,9.869947545272685,0.4052706442108542
40,85.0,9.994939675979655,0.4002025154401885
41,85.0,10.114501910016546,0.39547177266719763
42,85.0,10.228881476248983,0.39104959904832465
43,85.0,10.338317663018161,0.3869101463489218
44,85.0,10.443041333299044,0.38303017984286447
45,85.0,10.543274610230647,0.379388771313858
46,85.0,10.639230703542113,0.37596703290476463
47,85.0,10.73111385137135,0.37274788576479706
48,85.0,10.819119355567615,0.3697158584299714
49,85.0,10.903433691781458,0.3668569106826438
50,85.0,10.984234678485736,0.36415827930502953
51,85.0,11.061691691561164,0.36160834269604114
52,85.0,11.135965913246467,0.359196501781845
53,85.0,11.207210606125972,0.35691307503524206
54,85.0,11.275571404437141,0.35474920574099933
55,85.0,11.341186616356934,0.352696779914631
56,85.0,11.404187532096739,0.350748353509807
57,85.0,11.464698733627474,0.3488970877418237
58,85.0,11.522838402692717,0.347136691517366
59,85.0,11.578718624469827,0.3454613700989866
60,85.0,11.632445684825878,0.3438657792503481
4,86.0,0.9999999990801891,4.000000003679244
5,86.0,1.3763818271664028,2.906170309030392
6,86.0,1.7320487436016823,2.3094038287180423
7,86.0,2.076502221081901,1.9263162636618403
8,86.0,2.4141100170024505,1.6569253148482088
9,86.0,2.74708836684903,1.4560871241969136
10,86.0,3.076550507032129,1.3001574298413516
11,86.0,3.4029477671080723,1.175451483170816
12,86.0,3.726293775384611,1.0734526693583462
13,86.0,4.046304090156126,0.988556448273679
14,86.0,4.362497838637112,0.9169058983991704
15,86.0,4.674277416829394,0.8557472403324399
16,86.0,4.980991723607503,0.8030529304118145
17,86.0,5.281985194142856,0.7572910284632306
18,86.0,5.5766342336042385,0.7172785290267741
19,86.0,5.864372696317055,0.6820848890644486
20,86.0,6.144708169252546,0.6509666350007584
21,86.0,6.417230827715826,0.6233218201726702
22,86.0,6.681616525868936,0.5986575231477842
23,86.0,6.9376256018336395,0.576566137979943
24,86.0,7.1850986564534285,0.5567077351689982
25,86.0,7.423950336942055,0.538796707744089
26,86.0,7.654161941399613,0.5225915038934458
27,86.0,7.875773468493016,0.5078866242156375
28,86.0,8.088875573149348,0.494506308550204
29,86.0,8.293601754497427,0.4822995024846585
30,86.0,8.490120994705073,0.4711358062499498
31,86.0,8.678630983735513,0.4609021869343607
32,86.0,8.859352001837415,0.45150029022104626
33,86.0,9.032521485224647,0.4428442275551937
34,86.0,9.19838926758524,0.43485874359501636
35,86.0,9.35721346786469,0.4274776902052227
36,86.0,9.509256980715655,0.4206427492822857
37,86.0,9.654784518044982,0.41430235884849853
38,86.0,9.79406014656964,0.40841080615591235
39,86.0,9.927345265912663,0.40292745873710306
40,86.0,10.054896973523597,0.397816109954457
41,86.0,10.176966765831912,0.3930444200161463
42,86.0,10.293799528971862,0.3885834369264735
43,86.0,10.405632776742587,0.3844071846298782
44,86.0,10.512696097899308,0.3804923078485354
45,86.0,10.615210779213042,0.37681776492209607
46,86.0,10.713389574859756,0.37336456142568325
47,86.0,10.807436596528454,0.37011551853886177
48,86.0,10.897547302131429,0.36705507111840185
49,86.0,10.983908564144446,0.3641690912338331
50,86.0,11.066698801403748,0.36144473359052864
51,86.0,11.146088160654841,0.35887029981691776
52,86.0,11.222238736307801,0.35643511905147984
53,86.0,11.295304818730255,0.3541294426483352
54,86.0,11.365433163030092,0.3519443511410854
55,86.0,11.432763271672535,0.34987167187402346
56,86.0,11.497427685466365,0.3479039059368304
57,86.0,11.559552278467171,0.3460341632306205
58,86.0,11.619256553203414,0.344256104655612
59,86.0,11.67665393335498,0.34256389054862607
60,86.0,11.731852051621946,0.34095213461603396
4,87.0,0.9999999992836506,4.000000002865398
5,87.0,1.3763818440796878,2.906170273318727
6,87.0,1.7320490604582062,2.3094034062417474
7,87.0,2.0765047737532436,1.9263138956189707
8,87.0,2.414122183673964,1.6569169642907415
9,87.0,2.7471292772947145,1.4560654400433142
10,87.0,3.076658311147356,1.3001118731668024
11,87.0,3.4031857378159396,1.175369288708608
12,87.0,3.7267537555967354,1.0733201768410137
13,87.0,4.047106816213502,0.9883603723962058
14,87.0,4.363790474593551,0.9166342938068228
15,87.0,4.676229044830126,0.8553900935246659
16,87.0,4.98378762978944,0.802602417504896
17,87.0,5.285820698987839,0.7567415218541076
18,87.0,5.581708647370454,0.7166264405227245
19,87.0,5.8708837995581735,0.6813284228689774
20,87.0,6.152847458215938,0.6501055043480355
21,87.0,6.427179636843937,0.6223569630868755
22,87.0,6.69354304597628,0.5975908382937103
23,87.0,6.951682748969322,0.5754002511971728
24,87.0,7.201422707343869,0.5554458004417486
25,87.0,7.442660226447849,0.5374422421953119
26,87.0,7.675359110429054,0.5211482541012207
27,87.0,7.89954215299294,0.5063584600892976
28,87.0,8.115283432761611,0.4928971407026766
29,87.0,8.322700750685723,0.4806132191729268
30,87.0,8.52194844079388,0.4693762263160761
31,87.0,8.713210702107625,0.45907302563364455
32,87.0,8.896695535702065,0.44960513529412893
33,87.0,9.072629323420664,0.44088652334490785
34,87.0,9.241252050588807,0.4328417814061396
35,87.0,9.402813151459391,0.42540460344882725
36,87.0,9.557567940691872,0.4185165122363169
37,87.0,9.705774584929411,0.4121257881066987
38,87.0,9.847691563881229,0.4061865640340483
39,87.0,9.983575568950116,0.4006580580649268
40,87.0,10.11367978836205,0.3955039198099642
41,87.0,10.238252530184752,0.390691672060937
42,87.0,10.35753613798584,0.38619223208212267
43,87.0,10.471766157753143,0.3819794998992084
44,87.0,10.581170718774795,0.37803000313590673
45,87.0,10.685970095242155,0.3743225897460605
46,87.0,10.786376419253184,0.3708381614478227
47,87.0,10.882593519567914,0.3675594418561741
48,87.0,10.974816863850485,0.36447077428466634
49,87.0,11.06323358520049,0.36155794498914684
50,87.0,11.148022576526062,0.3588080282885897
51,87.0,11.229354638750584,0.35620925054737196
52,87.0,11.307392670991328,0.3537508704603355
53,87.0,11.382291892723313,0.35142307346354346
54,87.0,11.454200089568971,0.3492168784132461
55,87.0,11.523257875759189,0.3471240549440943
56,87.0,11.589598967517594,0.34513705014391627
57,87.0,11.653350462651382,0.34324892337357166
58,87.0,11.714633122509442,0.3414532882224094
59,87.0,11.773561653212434,0.33974426072747443
60,87.0,11.83024498368701,0.3381164131018157
4,88.0,0.9999999994421066,4.000000002231574
5,88.0,1.3763818579271145,2.9061702440804895
6,88.0,1.7320493286715084,2.3094030486233454
7,88.0,2.0765069866101555,1.9263118428172965
8,88.0,2.4141329207748217,1.6569095949846002
9,88.0,2.7471658860864636,1.4560460364839085
10,88.0,3.0767558595994893,1.3000706531589061
11,88.0,3.4034030435694707,1.1752942419081878
12,88.0,3.7271770079382214,1.0731982922948693
13,88.0,4.047850251121611,0.9881788484867116
14,88.0,4.36499434344801,0.9163814853515497
15,88.0,4.678055541932401,0.8550561155474629
16,88.0,4.986415563970818,0.8021794310329586
17,88.0,5.289439629185305,0.7562237742405411
18,88.0,5.586513053032292,0.7160101412148044
19,88.0,5.877067688979945,0.6806115246044173
20,88.0,6.160599665169845,0.6492874423596752
21,88.0,6.436679931828931,0.6214383878589769
22,88.0,6.704959095630393,0.5965733635283161
23,88.0,6.965167892828953,0.5742862284939655
24,88.0,7.217114480300886,0.5542381253502352
25,88.0,7.46067953266302,0.5361441920253928
26,88.0,7.695809945262315,0.5197633554428505
27,88.0,7.922511769616073,0.5048903827875084
28,88.0,8.140842856261935,0.4913496146069446
29,88.0,8.350905552159658,0.47898997001176064
30,88.0,8.552839695345149,0.467680927327211
31,88.0,8.74681606653381,0.4573092619729822
32,88.0,8.933030393134167,0.4477763786714929
33,88.0,9.111697952759194,0.43899611474595956
34,88.0,9.28304878798167,0.4308929201340203
35,88.0,9.447323519184204,0.42340034104658336
36,88.0,9.604769725643111,0.4164597501302583
37,88.0,9.7556388545443,0.4100192780441795
38,88.0,9.900183611882541,0.4040329105814828
39,88.0,10.038655786872457,0.39845972258863555
40,88.0,10.171304461598133,0.393263225489124
41,88.0,10.29837455937151,0.388410809583538
42,88.0,10.42010568806846,0.38387326575585495
43,88.0,10.53673123812575,0.37962437397345167
44,88.0,10.64847769859332,0.375640548181681
45,88.0,10.755564158417226,0.37190052898058623
46,88.0,10.858201963824667,0.3683851169214253
47,88.0,10.956594506192708,0.3650769404434184
48,88.0,11.050937118045157,0.3619602534402599
49,88.0,11.141417057805537,0.3590207582434633
50,88.0,11.228213566626707,0.3562454504685486
51,88.0,11.311497983021457,0.3536224827166123
52,88.0,11.391433903145687,0.35114104457871803
53,88.0,11.468177376453637,0.3487912567704756
54,88.0,11.541877128074203,0.34656407754250734
55,88.0,11.612674800670634,0.3444512197800458
56,88.0,11.680705209765158,0.3424450774304252
57,88.0,11.746096607557154,0.34053866008785394
58,88.0,11.808970951158216,0.33872553472643463
59,88.0,11.869444171929455,0.33699977370968787
60,88.0,11.927626443252018,0.3353559083218083
4,89.0,0.9999999995655122,4.000000001737951
5,89.0,1.376381869264429,2.906170220142245
6,89.0,1.7320495557091995,2.3094027459059463
7,89.0,2.0765089048888155,1.9263100632906633
8,89.0,2.414142396272738,1.656903091621982
9,89.0,2.7471986454862365,1.4560286736352936
10,89.0,3.0768441277540304,1.300033356879809
11,89.0,3.4036014777240338,1.1752257208075882
12,89.0,3.7275664613209085,1.0730861653322612
13,89.0,4.048538764543437,0.9880107941738058
14,89.0,4.366115518936557,0.916146167606273
15,89.0,4.679764886774775,0.8547437952073573
16,89.0,4.9888855367985,0.8017822759202662
17,89.0,5.2928540778321835,0.7557359302144783
18,89.0,5.591061603462032,0.7154276385585103
19,89.0,5.882940489523899,0.6799320861944868
20,89.0,6.167982745214248,0.6485102447965843
21,89.0,6.445751313883081,0.6205638109842467
22,89.0,6.715885708129986,0.5956027505289077
23,89.0,6.978103266211209,0.5732216688979751
24,89.0,7.232197166630106,0.5530822664039493
25,89.0,7.478032164603411,0.5349000795869318
26,89.0,7.7155388389770385,0.5184343029670159
27,89.0,7.944706974338131,0.503479865641393
28,89.0,8.165578557690333,0.48986118641070503
29,89.0,8.37824074505082,0.477427197632495
30,89.0,8.582819050888487,0.46604734135527687
31,89.0,8.77947093103725,0.4556083198429612
32,89.0,8.968379865331528,0.4460114379702554
33,89.0,9.14974999713802,0.4371704146289432
34,89.0,9.323801350605585,0.42900956912174004
35,89.0,9.490765620406028,0.4214623097845371
36,89.0,9.650882510847484,0.4144698679632712
37,89.0,9.804396589669919,0.4079802324820753
38,89.0,9.951554615047666,0.40194724892044825
39,89.0,10.09260329107877,0.39632985510643715
40,89.0,10.22778740634152,0.39109142975731837
41,89.0,10.357348311165559,0.3861992355406132
42,89.0,10.481522691501649,0.3816239412660123
43,89.0,10.600541600229143,0.3773392106600983
44,89.0,10.714629710082335,0.3733213473757333
45,89.0,10.82400475586601,0.36954898766394406
46,89.0,10.92887713710019,0.36600283357758917
47,89.0,11.029449655571618,0.36266542075192
48,89.0,11.125917365404199,0.3595209157707673
49,89.0,11.218467516151332,0.35655493892023693
50,89.0,11.307279572041187,0.3537544087872872
51,89.0,11.392525292867596,0.351107405704356
52,89.0,11.47436886412127,0.3486030514939636
53,89.0,11.552967065811913,0.3462314033454652
54,89.0,11.628469471058866,0.34398335997314766
55,89.0,11.701018666945851,0.3418505784713924
56,89.0,11.770750491364264,0.33982540050735444
57,89.0,11.837794280629343,0.3379007866816338
58,89.0,11.902273123563418,0.3360702580485265
59,89.0,11.964304118518532,0.33432784392438997
60,89.0,12.02399863047286,0.3326680352293665
4,90.0,0.9999999996616206,4.000000001353518
5,90.0,1.3763818785466368,2.906170200543268
6,90.0,1.732049747892479,2.309402489661232
7,90.0,2.0765105678036258,1.9263085206596826
8,90.0,2.4141507584011923,1.6568973524458184
9,90.0,2.74722796021632,1.456013136851241
10,90.0,3.076923998265075,1.2999996107331224
11,90.0,3.403782678194804,1.1751631576318498
12,90.0,3.7279248116522026,1.0729830139002225
13,90.0,4.049176405488912,0.9878552079325934
14,90.0,4.367159662138249,0.9159271264292452
15,90.0,4.68136455477426,0.8544517209027496
16,90.0,4.991206971772691,0.8014093630301508
17,90.0,5.296075477795432,0.7552762449800013
18,90.0,5.595367732081093,0.7148770539362342
19,90.0,5.88851756314305,0.679288115745207
20,90.0,6.175013863323933,0.6477718250573854
21,90.0,6.454412583138534,0.6197310674637648
22,90.0,6.726343119963403,0.5946767699269203
23,90.0,6.99051032310866,0.5722042905475907
24,90.0,7.246693208737783,0.5519758991834999
25,90.0,7.4947413221871715,0.5337075461375217
26,90.0,7.734569523202683,0.5171587103846608
27,90.0,7.966151815201442,0.5021245003600087
28,90.0,8.189514700689825,0.48842943033768155
29,90.0,8.404730424995046,0.47592246243904457
30,90.0,8.611910370280366,0.46447301795011336
31,90.0,8.811198780490878,0.45396774033250864
32,90.0,9.002766933562576,0.4443078477448843
33,90.0,9.186807827648453,0.4354069525610051
34,90.0,9.363531410912962,0.42718925418866005
35,90.0,9.533160357372811,0.41958803272478856
36,90.0,9.695926372291144,0.4125443868294146
37,90.0,9.852066998003524,0.40600617117307275
38,90.0,10.00182288328476,0.399927097957801
39,90.0,10.145435475235045,0.3942659740692235
40,90.0,10.283145091189128,0.38898605091425836
41,90.0,10.415189328555998,0.38405446831705126
42,90.0,10.54180177217637,0.37944177726405814
43,90.0,10.663210961281075,0.37512152901450624
44,90.0,10.779639581102826,0.3710699202793545
45,90.0,10.891303847385608,0.367265485937221
46,90.0,10.998413055271913,0.3636888321886278
47,90.0,11.101169267205638,0.360322404218855
48,90.0,11.199767117487069,0.3571502833978118
49,90.0,11.294393713906974,0.3541580098340944
50,90.0,11.385228619443602,0.35133242675240023
51,90.0,11.472443899319417,0.34866154370450164
52,90.0,11.5562042207856,0.3461344160745609
53,90.0,11.636666994841104,0.3437410387160967
54,90.0,11.713982550713324,0.34147225187358843
55,90.0,11.788294335346217,0.33931965780718026
56,90.0,11.859739131376893,0.33727554676285765
57,90.0,11.92844728815187,0.3353328311198614
58,90.0,11.994542961256695,0.33348498670773125
59,90.0,12.058144356824855,0.3317260004219487
60,90.0,12.11936397756921,0.3300503233835777
4,91.0,0.9999999997364699,4.00000000105412
5,91.0,1.376381886146266,2.9061701844969834
6,91.0,1.7320499105721299,2.309402272754786
7,91.0,2.0765120093488014,1.926307183387978
8,91.0,2.4141581379777115,1.6568922876571435
9,91.0,2.747254192454545,1.4559992340665733
10,91.0,3.0769962698786015,1.299969076711885
11,91.0,3.4039481408977874,1.1751060340610844
12,91.0,3.728254540284525,1.0728881187642132
13,91.0,4.049766925647588,0.9877111629974533
14,91.0,4.368132049121805,0.9157232324980156
15,91.0,4.682861549176732,0.8541785739326883
16,91.0,4.993388738573208,0.8010592023610292
17,91.0,5.299114636090785,0.7548430775128209
18,91.0,5.59944418707921,0.7143566158280588
19,91.0,5.8938135417452076,0.678677730754198
20,91.0,6.181709425054474,0.647070207439385
21,91.0,6.462681766344205,0.6189381041212417
22,91.0,6.736350794927978,0.5937933046794018
23,91.0,7.002409758881089,0.5712319241139578
24,91.0,7.26062431617382,0.5509168118077078
25,91.0,7.510829508123932,0.5325643453460744
26,91.0,7.752925075965184,0.5159343036088903
27,91.0,7.986869736328441,0.5008219905986344
28,91.0,8.212674898978376,0.48705203227971244
29,91.0,8.430398194403447,0.47447343621982363
30,91.0,8.640137081143973,0.4629556177678597
31,91.0,8.842022722606847,0.4523851753709021
32,91.0,9.036214259082888,0.44266325314047744
33,91.0,9.222893550782103,0.4337033684684346
34,91.0,9.402260429805027,0.42542961130071005
35,91.0,9.574528470996981,0.4177751428821524
36,91.0,9.739921271680727,0.41068093759958674
37,91.0,9.898669216653035,0.4040947234877388
38,91.0,10.051006696131806,0.3979700860750024
39,91.0,10.19716973936248,0.3922657072736025
40,91.0,10.337394024367745,0.3869447164895746
41,91.0,10.471913224079897,0.38197413542370673
42,91.0,10.600957650225652,0.3773244014341342
43,91.0,10.724753158371575,0.3729689570409984
44,91.0,10.843520280133166,0.36888389532765986
45,91.0,10.957473551440431,0.36504765274785206
46,91.0,11.06682100874928,0.36144074227256895
47,91.0,11.171763828058877,0.35804552097258313
48,91.0,11.272496084450719,0.35484598708511417
49,91.0,11.369204612548888,0.35182760239752875
50,91.0,11.462068950779774,0.3489771364294469
51,91.0,11.551261354567984,0.3462825294328733
52,91.0,11.636946865640185,0.3437327716783338
53,91.0,11.719283426425307,0.341317796869779
54,91.0,11.798422030148725,0.33902838784531747
55,91.0,11.87450689863403,0.33685609298522834
56,91.0,11.947675681064238,0.33479315197177334
57,91.0,12.018059668031954,0.3328324297340612
58,91.0,12.085784016140869,0.33096735757133333
59,91.0,12.150967979225513,0.3291918805842294
60,91.0,12.213725142946748,0.3275004106597194
4,92.0,0.9999999997947626,4.0000000008209495
5,92.0,1.3763818923683162,2.9061701713593964
6,92.0,1.7320500482774932,2.309402089147459
7,92.0,2.0765132589932653,1.9263060241374423
8,92.0,2.4141646504498695,1.6568878180096858
9,92.0,2.747277666305024,1.4559867934207888
10,92.0,3.0770616654015255,1.2999414490050658
11,92.0,3.404099232033892,1.1750538769135903
12,92.0,3.7285579310172663,1.0728008184409987
13,92.0,4.050313801051701,0.987577801740044
14,92.0,4.3690375967921105,0.9155334353123741
15,92.0,4.684262430277827,0.8539231222710887
16,92.0,4.995439184625816,0.8007303967007698
17,92.0,5.301981766658556,0.7544348841699058
18,92.0,5.6033030642576165,0.7138646534247316
19,92.0,5.89884235903658,0.678099151755141
20,92.0,6.188085106453218,0.6464035208288614
21,92.0,6.470576144081306,0.6181829733444735
22,92.0,6.745927448073949,0.5929503438614735
23,92.0,7.013821530538428,0.5703025066411881
24,92.0,7.27401148203927,0.5499028988167888
25,92.0,7.5263185403870905,0.5314683372136776
26,92.0,7.770627930294372,0.514758914708257
27,92.0,8.006883582838332,0.49957014593960836
28,92.0,8.235082217826756,0.4857267838007819
29,92.0,8.4552671608074,0.4730778961711763
30,92.0,8.667522171420298,0.46149290661053394
31,92.0,8.87196548104797,0.4508583817807544
32,92.0,9.06874417416229,0.44107540395685413
33,92.0,9.258028997718952,0.43205740670995346
34,92.0,9.440009644508068,0.42372838065129387
35,92.0,9.614890527623476,0.4160213773113738
36,92.0,9.782887042379613,0.40887725501397904
37,92.0,9.944222297489256,0.40224362251132806
38,92.0,10.0991242877433,0.3960739452285541
39,92.0,10.24782347464859,0.3903267859653647
40,92.0,10.39055073853225,0.3849651573488233
41,92.0,10.52753566474491,0.3799559676055415
42,92.0,10.659005127185525,0.3752695446030043
43,92.0,10.785182133955095,0.37087922580433397
44,92.0,10.906284902166506,0.3667610039423608
45,92.0,11.02252613152237,0.3628932199635023
46,92.0,11.134112449025036,0.3592562962079893
47,92.0,11.241243999960993,0.3558325039483068
48,92.0,11.344114163008449,0.3526057603548661
49,92.0,11.442909369887152,0.3495614507378946
50,92.0,11.537809012364608,0.346686272559492
51,92.0,11.628985421630794,0.34396809824524305
52,92.0,11.716603907047151,0.3413958542708892
53,92.0,11.800822843065603,0.3389594143725731
54,92.0,11.881793794707274,0.336649505042058
55,92.0,11.959661673400095,0.33445762173160304
56,92.0,12.03456491621269,0.33237595441537665
57,92.0,12.106635682604276,0.3303973213423363
58,92.0,12.176000063751376,0.32851510997509115
59,92.0,12.242778300326812,0.3267232242450411
60,92.0,12.307085005308856,0.3250160373699001
4,93.0,0.999999999840161,4.000000000639356
5,93.0,1.3763818974625,2.9061701606032506
6,93.0,1.7320501648425752,2.309401933727224
7,93.0,2.076514342283042,1.9263050192093376
8,93.0,2.41417039770097,1.6568838735696643
9,93.0,2.7472986717993857,1.4559756611319359
10,93.0,3.0771208389152713,1.299916450928218
11,93.0,3.4042371993147404,1.175006254207311
12,93.0,3.7288370857627537,1.0727205045435173
13,93.0,4.050820252185022,0.9874543304760043
14,93.0,4.369880887046754,0.9153567576308181
15,93.0,4.685573342911125,0.8536842147720642
16,93.0,4.99736616498561,0.8004216357060797
17,93.0,5.304686521589515,0.7540502127167028
18,93.0,5.60695583852333,0.7133995906508612
19,93.0,5.903617281267132,0.6775506963658481
20,93.0,6.194155883152913,0.6457699927893877
21,93.0,6.478112277454495,0.6174638272203206
22,93.0,6.755091069413085,0.592145976848768
23,93.0,7.024764877060918,0.569414075773815
24,93.0,7.286874999677389,0.5489321554407193
25,93.0,7.541229565183749,0.5304174823780923
26,93.0,7.787699883507558,0.5136304762425451
27,93.0,8.026215606581909,0.49836687625483106
28,93.0,8.25675917646115,0.48445157652210963
29,93.0,8.479359936201877,0.4717337193014244
30,93.0,8.694088185961425,0.46008274984591324
31,93.0,8.901049389599352,0.4493852157110708
32,93.0,9.100378674168246,0.4395421490925586
33,93.0,9.29223571464988,0.43046691052979974
34,93.0,9.476800057448171,0.4220834011219062
35,93.0,9.6542669067495,0.4143245715739966
36,93.0,9.824843376241484,0.4071311721541366
37,93.0,9.98874519333577,0.4004506995201655
38,93.0,10.14619383265206,0.3942365054299836
39,93.0,10.297414048969737,0.3884470393224795
40,93.0,10.442631776211902,0.38304520217900595
41,93.0,10.582072357538012,0.37799779332926675
42,93.0,10.715959071682446,0.37327503522948646
43,93.0,10.844511921812389,0.3688501639206553
44,93.0,10.967946655024479,0.3646990750239998
45,93.0,11.086473982877367,0.36080001686540253
46,93.0,11.200298975861406,0.35713332372829476
47,93.0,11.30962060728736,0.35368118338316296
48,93.0,11.4146314246277,0.3504274339835256
49,93.0,11.515517328795484,0.34735738619381656
50,93.0,11.612457444151246,0.3444576670560501
51,93.0,11.705624064160702,0.3417160826347452
52,93.0,11.79518265957331,0.33912149692344823
53,93.0,11.881291937750456,0.3366637248673935
54,93.0,11.964103943346815,0.3343334376682996
55,93.0,12.043764191947696,0.3321220787994461
56,93.0,12.120411829500407,0.33002178938047494
57,93.0,12.194179811462,0.3280253417487065
58,93.0,12.265195096532516,0.3261260802227954
59,93.0,12.333578850665967,0.3243178681898981
60,93.0,12.399446657763653,0.32259504076300727
4,94.0,0.9999999998755172,4.0000000004979315
5,94.0,1.3763819016332648,2.906170151796863
6,94.0,1.732050263512793,2.3094018021668434
7,94.0,2.076515281363466,1.9263041480597964
8,94.0,2.414175469643629,1.656880392621363
9,94.0,2.7473174684777653,1.455965699594347
10,94.0,3.077174382305231,1.2998938321472195
11,94.0,3.404363182220668,1.1749627715662223
12,94.0,3.729093938979468,1.0726466175037335
13,94.0,4.05128926264555,0.987340014666823
14,94.0,4.370666189347015,0.9151922903079465
15,94.0,4.686800042296731,0.8534607757748142
16,94.0,4.999177070613113,0.8001316903762781
17,94.0,5.307238020854854,0.753687696742063
18,94.0,5.610413394064827,0.7129599405690034
19,94.0,5.908150936883969,0.6770307737110131
20,94.0,6.199936058631771,0.6451679440195288
21,94.0,6.485306034222505,0.6167789120347259
22,94.0,6.763858947339508,0.5913783878614673
23,94.0,7.035258339691251,0.5685647643431874
24,94.0,7.299234479574305,0.54800267222451
25,94.0,7.555583070343184,0.5294098367736317
26,94.0,7.804162107088172,0.5125470159528053
27,94.0,8.044887472614299,0.4972101864216808
28,94.0,8.277727751313284,0.4832243968600428
29,94.0,8.502698637314529,0.4704388771872726
30,94.0,8.719857224099252,0.45872310717945197
31,94.0,8.929296387339964,0.4479636274221154
32,94.0,9.131139410652214,0.43806143134050457
33,94.0,9.325534954087365,0.42892981686233533
34,94.0,9.512652426084953,0.420492605094187
35,94.0,9.692677789662978,0.41268265455660863
36,94.0,9.865809811314062,0.4054406152663535
37,94.0,10.032256744974902,0.39871387880932935
38,94.0,10.192233432289497,0.3924556895771052
39,94.0,10.345958793112791,0.3866243892893487
40,94.0,10.49365367589614,0.3811827723253319
41,94.0,10.635539035515079,0.3760975336222138
42,94.0,10.77183440564467,0.3713387942451023
43,94.0,10.902756633481848,0.36687969239964413
44,94.0,11.028518846088819,0.36269602979538546
45,94.0,11.149329619601588,0.35876596499287433
46,94.0,11.265392324800965,0.35506974676717895
47,94.0,11.376904624922355,0.3515894816624868
48,94.0,11.484058103972876,0.3483089308487748
49,94.0,11.587038006151523,0.34521333216275046
50,94.0,11.68602306917896,0.34228924385317283
51,94.0,11.781185436405112,0.33952440708042636
52,94.0,11.87269063445893,0.3369076246618036
53,94.0,11.960697604927956,0.33442865392332555
54,94.0,12.045358780106861,0.3320781118289375
55,94.0,12.126820194239901,0.32984739081890185
56,94.0,12.205221622911289,0.32772858400959437
57,94.0,12.280696744321112,0.32571441859352934
58,94.0,12.353373317134745,0.32379819643690366
59,94.0,12.423373370423139,0.3219737410068486
60,94.0,12.49081340193211,0.32023534987571506
4,95.0,0.9999999999030528,4.000000000387789
5,95.0,1.3763819050479984,2.9061701445868025
6,95.0,1.7320503470353334,2.3094016908033916
7,95.0,2.0765160954318755,1.9263033928798305
8,95.0,2.4141799456261674,1.6568773207013436
9,95.0,2.7473342885936316,1.455956785676639
10,95.0,3.0772228311707956,1.2998733661670234
11,95.0,3.404478221373719,1.1749230689412329
12,95.0,3.729330270968048,1.0725786426423671
13,95.0,4.05172359646305,0.9872341744860874
14,95.0,4.37139748180209,0.9150391875028068
15,95.0,4.68794791833966,0.853251800079018
16,95.0,5.000878855117175,0.7998594078932706
17,95.0,5.30964488059483,0.753346050433393
18,95.0,5.613686053241877,0.7125443001376999
19,95.0,5.912455345103265,0.676537879193088
20,95.0,6.20543929162919,0.644595783153626
21,95.0,6.492172614338508,0.616126563111656
22,95.0,6.772247691716856,0.5906458508439383
23,95.0,7.04531978214036,0.5677527952868598
24,95.0,7.311108866401864,0.5471126299844835
25,95.0,7.569398899050769,0.5284435466205402
26,95.0,7.820035157083887,0.5115066517797614
27,95.0,8.062920266330075,0.49609817136646983
28,95.0,8.29800938004473,0.48204332109087566
29,95.0,8.525304886731064,0.46919143105669703
30,95.0,8.744850938125305,0.45741202775235734
31,95.0,8.956728014755736,0.44659165639619863
32,95.0,9.161047685386832,0.4366312825093757
33,95.0,9.357947667118587,0.42744415146228776
34,95.0,9.547587253664865,0.418954013587526
35,95.0,9.730143148966453,0.41109364361457357
36,95.0,9.905805720385592,0.40380359891050804
37,95.0,10.074775668947542,0.39703117284574324
38,95.0,10.23726110224683,0.3907295086106671
39,95.0,10.393474987682657,0.3848568457364273
40,95.0,10.543632958750417,0.3793758769533326
41,95.0,10.687951444465025,0.37425319723654643
42,95.0,10.826646091034037,0.3694588302200581
43,95.0,10.959930445159202,0.3649658198119976
44,95.0,11.088014869451726,0.36074987697033906
45,95.0,11.211105662109581,0.3567890733131601
46,95.0,11.329404355005764,0.35306357462938
47,95.0,11.443107166510433,0.3495554084913632
48,95.0,11.552404587598588,0.3462482611017595
49,95.0,11.657481081993337,0.343127299273818
50,95.0,11.758514883206164,0.34017901407880263
51,95.0,11.855677873322062,0.337391083221053
52,95.0,11.949135530217964,0.33475224964052575
53,95.0,12.039046931586633,0.33225221421018564
54,95.0,12.125564805662743,0.3298815407041465
55,95.0,12.208835619916858,0.3276315714722712
56,95.0,12.28899970020279,0.32549435247638525
57,95.0,12.366191373924382,0.3234625665291325
58,95.0,12.440539131739063,0.32152947373437823
59,95.0,12.512165803149603,0.31968885826250054
60,95.0,12.58118874206277,0.3179349807086809
4,96.0,0.9999999999244975,4.00000000030201
5,96.0,1.3763819078437458,2.906170138683704
6,96.0,1.7320504177356406,2.309401596536269
7,96.0,2.0765168011300466,1.9263027382312476
8,96.0,2.4141838956737867,1.6568746097461726
9,96.0,2.7473493399819238,1.4559488091988761
10,96.0,3.077266670174546,1.2998548480600531
11,96.0,3.4045832671014926,1.1748868176178926
12,96.0,3.729547720118426,1.0725161065570135
13,96.0,4.052125814165855,0.9871361807218256
14,96.0,4.372078470859924,0.9148966622305977
15,96.0,4.689022018463607,0.8530563482639882
16,96.0,5.002478060036858,0.7996037068017702
17,96.0,5.311915240020779,0.7530240636867452
18,96.0,5.6167836042243025,0.7121513452986968
19,96.0,5.91654194341482,0.6760705895868865
20,96.0,6.210678622711232,0.6440520018815312
21,96.0,6.4987265748761,0.6155051999670045
22,96.0,6.780273256592207,0.5899467246561116
23,96.0,7.054966410654738,0.5669764768771988
24,96.0,7.322516456141361,0.5462602950718148
25,96.0,7.582696263860024,0.5275168437201482
26,96.0,7.835338984953701,0.5105075871868786
27,96.0,8.080334501189624,0.4950290114117308
28,96.0,8.31762496627583,0.4809065107188859
29,96.0,8.547199814810535,0.46798952717459874
30,96.0,8.769090532619646,0.45614764554210324
31,96.0,8.983365410737395,0.44526742675066827
32,96.0,9.190124445302933,0.4352498188470557
33,96.0,9.389494496555972,0.42600802433689944
34,96.0,9.58162478085511,0.4174657316984835
35,96.0,9.766682738953161,0.4095556400175172
36,96.0,9.944850300346188,0.4022182214106086
37,96.0,10.116320546124053,0.3954006777229447
38,96.0,10.281294760259186,0.38905605697264944
39,96.0,10.43997985068169,0.3831425019214779
40,96.0,10.592586115951711,0.37762260851259666
41,96.0,10.739325330141375,0.37246287611508117
42,96.0,10.880409117093835,0.36763323483082433
43,96.0,11.016047585063456,0.36310663775849683
44,96.0,11.146448193484831,0.3588587082240265
45,96.0,11.271814824975925,0.3548674336928298
46,96.0,11.39234703742761,0.35111289946300644
47,96.0,11.508239472998836,0.3475770563677429
48,96.0,11.619681402898072,0.3442435176408845
49,96.0,11.72685638889754,0.3410973808621908
50,96.0,11.829942044534311,0.33812507152966875
51,96.0,11.92910988085928,0.3353142053304543
52,96.0,12.024525223375953,0.33265346661869927
53,96.0,12.116347188451197,0.33013250097460356
54,96.0,12.204728708974285,0.3277418200257701
55,96.0,12.289816600389289,0.3254727169706745
56,96.0,12.371751659433704,0.32331719146253
57,96.0,12.450668788990892,0.3212678826969418
58,96.0,12.526697143414268,0.31931800970401386
59,96.0,12.599960289517627,0.3174613179795295
60,96.0,12.670576379158407,0.31569203170421867
4,97.0,0.9999999999411987,4.000000000235206
5,97.0,1.3763819101327102,2.9061701338506563
6,97.0,1.732050477582161,2.3094015167408752
7,97.0,2.076517412884389,1.9263021707310393
8,97.0,2.414187381583944,1.6568722173403156
9,97.0,2.7473628086258475,1.4559416715700122
10,97.0,3.077306337883693,1.2998380924113184
11,97.0,3.4046791872612565,1.1748537174856768
12,97.0,3.7297477941897963,1.0724585738025512
13,97.0,4.052498287685068,0.9870454509889364
14,97.0,4.372712609692797,0.9147639822323056
15,97.0,4.690027069061978,0.8528735423269133
16,97.0,5.003980838732546,0.7993635725058365
17,97.0,5.314056786985013,0.7527205975285489
18,97.0,5.619715327416016,0.7117798263705338
19,97.0,5.920421614036378,0.675627558435473
20,97.0,6.215666499984221,0.6435351703651015
21,97.0,6.504981854321974,0.614913321755442
22,97.0,6.78795096250276,0.5892794485547043
23,97.0,7.064214793899066,0.5662341982373692
24,97.0,7.333474913232616,0.5454440149215414
25,97.0,7.595493760920895,0.5266280410340343
26,97.0,7.8500929487985,0.509548106766331
27,97.0,8.097150126970154,0.4940009679055743
28,97.0,8.336594884953431,0.4798122081258293
29,97.0,8.568404062327282,0.46683139250946476
30,97.0,8.792596764569375,0.4549281750436219
31,97.0,9.009229310408218,0.44398914293133424
32,97.0,9.218390278276773,0.43391523674431953
33,97.0,9.420195770941005,0.42461962545821175
34,97.0,9.614784978219497,0.41602594432025825
35,97.0,9.802316086802106,0.4080668246747952
36,97.0,9.982962562336077,0.40068266058527363
37,97.0,10.156909811023096,0.39382056889575584
38,97.0,10.324352214893773,0.3874335083444415
39,97.0,10.485490525746295,0.3814795302306855
40,97.0,10.640529596632595,0.37592113848035147
41,97.0,10.789676426053283,0.37072474113694487
42,97.0,10.933138488107437,0.36586017860754394
43,97.0,11.071122321266191,0.36130031661889583
44,97.0,11.203832348825886,0.3570206939431027
45,97.0,11.33146990515108,0.35299921664899564
46,97.0,11.454232443311534,0.3492158920116658
47,97.0,11.572312901475183,0.3456525963353531
48,97.0,11.685899207310788,0.34229287186539903
49,97.0,11.795173901583672,0.33912174872325895
50,97.0,11.900313864027874,0.3361255884259618
51,97.0,12.00149012640177,0.33329194607263835
52,97.0,12.098867759351416,0.3306094487154249
53,97.0,12.192605821299113,0.3280676877958647
54,97.0,12.28285735903489,0.325657123833464
55,97.0,12.369769451014173,0.323369001810462
56,97.0,12.453483285557777,0.32119527591439206
57,97.0,12.534134267216869,0.31912854248434475
58,97.0,12.611852145512646,0.3171619801634939
59,97.0,12.686761161097431,0.3152892963939105
60,97.0,12.75898020511976,0.3135046795036904
4,98.0,0.9999999999542055,4.000000000183178
5,98.0,1.3763819120067555,2.9061701298936913
6,98.0,1.7320505282411485,2.309401449195535
7,98.0,2.0765179432008543,1.9263016787777856
8,98.0,2.4141904578930413,1.6568701060524267
9,98.0,2.7473748609539514,1.4559352845687423
10,98.0,3.077342231151854,1.2998229314595258
11,98.0,3.4047667743878725,1.174823494545861
12,98.0,3.729931880698883,1.072405643839939
13,98.0,4.052843214178422,0.986961446227785
14,98.0,4.373303115360725,0.9146404661388458
15,98.0,4.690967495644268,0.8527025616174368
16,98.0,5.005392978954255,0.799138053059661
17,98.0,5.316076782272618,0.7524345798274952
18,98.0,5.622490020701749,0.7114285637274916
19,98.0,5.924104709337457,0.6752075117266714
20,98.0,6.220414803958557,0.643043932931044
21,98.0,6.5109517962209535,0.6143495029899707
22,98.0,6.795295518346465,0.5886425379441542
23,98.0,7.073080882613291,0.5655244251246453
24,98.0,7.344001287698229,0.544662213867025
25,98.0,7.607809384367491,0.5257755285271987
26,98.0,7.864315824914324,0.5086265721078893
27,98.0,8.113386538478814,0.4930123791131445
28,98.0,8.354938988295268,0.47875873248191786
29,98.0,8.588937783779228,0.46571533066105825
30,98.0,8.81538994421965,0.45375190721118863
31,98.0,9.034340043728683,0.44275508566634675
32,98.0,9.245865409719132,0.43262580869879985
33,98.0,9.450071499358033,0.42327722073549706
34,98.0,9.64708753949814,0.4146329121222101
35,98.0,9.837062484559093,0.4066254541209498
36,98.0,10.020161322652628,0.39919516973815383
37,98.0,10.196561741854941,0.3922890971748607
38,98.0,10.366451154923016,0.38586011164490025
39,98.0,10.530024071025412,0.37986617817963647
40,98.0,10.68747979642208,0.3742697133648952
41,98.0,10.839020441807302,0.3690370381230722
42,98.0,10.984849211661754,0.3641379069412727
43,98.0,11.125168949980585,0.3595451015606357
44,98.0,11.260180916781446,0.3552340792356772
45,98.0,11.390083770551488,0.3511826673603408
46,98.0,11.515072733033863,0.3473707976264015
47,98.0,11.635338914302356,0.3437802739964138
48,98.0,11.751068777792623,0.3403945696887819
49,98.0,11.862443726749003,0.33719864912659375
50,98.0,11.969639795335096,0.3341788114257968
51,98.0,12.07282742939297,0.331322552516691
52,98.0,12.172171343486063,0.32861844342510016
53,98.0,12.267830442403499,0.32605602260152566
54,98.0,12.359957796726652,0.3236257004906068
55,98.0,12.448700663358123,0.3213186747893874
56,98.0,12.534200543088657,0.3191268550594234
57,98.0,12.616593268333231,0.31704279554130677
58,98.0,12.696009115109371,0.3150596351761946
59,98.0,12.772572934166314,0.31317104397189227
60,98.0,12.846404296911333,0.3113711749646336
4,99.0,0.9999999999643353,4.000000000142659
5,99.0,1.3763819135410944,2.906170126654002
6,99.0,1.7320505711230567,2.30940139201964
7,99.0,2.0765184029205876,1.9263012523144838
8,99.0,2.4141931727295476,1.6568682428496389
9,99.0,2.7473856458958217,1.4559295692526437
10,99.0,3.077374709084711,1.2998092134154509
11,99.0,3.4048467522236807,1.1747958986370324
12,99.0,3.730101256486257,1.072356948231477
13,99.0,4.053162628850488,0.9868836674669614
14,99.0,4.373852984830983,0.914525479908093
15,99.0,4.691847441752224,0.8525426390475633
16,99.0,5.006719924152951,0.7989262552322077
17,99.0,5.317982082668433,0.7521650012767434
18,99.0,5.625116023554706,0.7110964437445081
19,99.0,5.927601076254505,0.6748092438311477
20,99.0,6.224934871568145,0.6425770040213041
21,99.0,6.516649172163178,0.6138123895155483
22,99.0,6.802321042792502,0.5880345803787456
23,99.0,7.081580029008319,0.5648456959625925
24,99.0,7.354112032197884,0.5439133892014617
25,99.0,7.61966054081338,0.5249577692568715
26,99.0,7.878025819612064,0.5077414179123586
27,99.0,8.129062584669555,0.4920616563518067
28,99.0,8.372676612252349,0.4777444758999181
29,99.0,8.608820651305313,0.4646397180307734
30,99.0,8.8374899366026,0.4526172056426377
31,99.0,9.058717534827002,0.4415636081621558
32,99.0,9.272569699919455,0.4313798795208566
33,99.0,9.479141367015822,0.42197914822946253
34,99.0,9.678551875653525,0.41328496777106005
35,99.0,9.870940981871025,0.40522985674277684
36,99.0,10.056465194388082,0.39775407388991546
37,99.0,10.235294451265522,0.3908045849629102
38,99.0,10.407609139363036,0.3843341872699119
39,99.0,10.573597448685083,0.3783007646557827
40,99.0,10.733453046570807,0.3726666509505015
41,99.0,10.887373051990515,0.3673980840831654
42,99.0,11.035556287408777,0.3624647363326735
43,99.0,11.178201784305703,0.3578393087890072
44,99.0,11.315507518143187,0.3534971801827213
45,99.0,11.447669349023144,0.3494161019195867
46,99.0,11.574880145275557,0.34557593251906404
47,99.0,11.69732906855263,0.34195840576578224
48,99.0,11.815201000551514,0.33854692779355056
49,99.0,11.92867609313732,0.3353263990713301
50,99.0,12.03792942531363,0.33228305788109286
51,99.0,12.143130752134072,0.32940434239308736
52,99.0,12.244444332228671,0.3266787688741071
53,99.0,12.34202882210743,0.3240958239244324
54,99.0,12.436037226786656,0.3216458689416097
55,99.0,12.526616897553751,0.319320055264174
56,99.0,12.613909568841427,0.31711024866395926
57,99.0,12.698051427225009,0.3150089620383706
58,99.0,12.779173206490642,0.3130092953093686
59,99.0,12.857400303554924,0.3111048816683452
60,99.0,12.932852910753942,0.3092898394192603
4,100.0,0.9999999999722243,4.000000000111103
5,100.0,1.3763819147973047,2.906170124001569
6,100.0,1.7320506074218092,2.3094013436212912
7,100.0,2.076518801441547,1.9263008826229489
8,100.0,2.414195568566891,1.65686659858069
9,100.0,2.7473952967217286,1.4559244549821118
10,100.0,3.0774040966289973,1.2997968009406429
11,100.0,3.404919781683526,1.1747707013591502
12,100.0,3.730257096525089,1.0723121480624456
13,100.0,4.053458416840735,0.9868116528299307
14,100.0,4.374365009927376,0.9144184335148585
15,100.0,4.692670786716596,0.8523930575574747
16,100.0,5.00796679359826,0.7987273408268691
17,100.0,5.319779162851538,0.7519109116281243
18,100.0,5.627601240043815,0.7107824149901667
19,100.0,5.930920079721026,0.6744316136844908
20,100.0,6.2292375193536484,0.6421331643836634
21,100.0,6.522086204106954,0.6133006947196132
22,100.0,6.809041085211765,0.5874542317988668
23,100.0,7.089727005869074,0.5641966181051383
24,100.0,7.363823018972228,0.5431961074694978
25,100.0,7.631064063907105,0.5241732956900378
26,100.0,7.891240581251646,0.5068911483326684
27,100.0,8.144196578109247,0.4911472803531761
28,100.0,8.389826583434187,0.47676789981547985
29,100.0,8.628071859157737,0.4636030002177654
30,100.0,8.858916163691902,0.45152250298901386
31,100.0,9.082381302006338,0.44041313252465875
32,100.0,9.298522642099663,0.43017586276445047
33,100.0,9.507424731555622,0.4207238145913266
34,100.0,9.709197109646103,0.4119805123768672
35,100.0,9.903970379441079,0.40387842923109957
36,100.0,10.09189257976997,0.3963577662348814
37,100.0,10.273125877757483,0.38936542271524843
38,100.0,10.447843588157616,0.3828541235565496
39,100.0,10.616227515022866,0.3767816763854825
40,100.0,10.77846560364767,0.3711103367668875
41,100.0,10.934749885585068,0.3658062636872081
42,100.0,11.085274696317857,0.3608390508652583
43,100.0,11.230235143421046,0.3561813220218546
44,100.0,11.369825802414757,0.35180838031401224
45,100.0,11.50423961767728,0.3476979038104915
46,100.0,11.633666986530908,0.34382968024020916
47,100.0,11.758295005742244,0.34018537534962107
48,100.0,11.87830686105067,0.33674833011059196
49,100.0,11.993881341844627,0.33350338276606717
50,100.0,12.105192464664649,0.3304367123179658
51,100.0,12.212409190765554,0.3275357005745116
52,100.0,12.31569522447708,0.3247888103020054
53,100.0,12.415208880534314,0.3221854773842397
54,100.0,12.511103009889334,0.31971601519372206
55,100.0,12.60352497475389,0.31737152963257476
56,100.0,12.692616664755612,0.31514384351550234
57,100.0,12.778514547117526,0.3130254291491406
58,100.0,12.861349744695454,0.31100934811680736
59,100.0,12.941248136535316,0.3090891974095859
60,100.0,13.018330476348671,0.30725906115742607
